1050603
1050680
1050803
1050816
1051079
1051123
1051202
1051579
1051685
1051797
1052100
1052306
1052539
1052634
1052853
1053037
1053103
1053146
1053153
1053275
1054359
1054520
1054623
1055063
1055552
1055592
1055665
1055701
1055702
1055870
1056207
1056212
1056415
1056683
1056824
1056941
1057158
1057181
1057441
1057482
1143277
1143328
1143334
1143363
1143381
1143512
1143664
1143674
1143802
1143836
1143841
1144051
1144569
1144640
1144912
1145185
1145249
1145262
1145621
1145832
1145888
1146315
1146417
1146474
1147022
1147051
1147220
1147427
1147429
1147540
1147735
1147766
1147998
1148107
1148228
1148381
1148710
1148791
1148981
1149275
1149450
1149620
1149684
1149990
1364980
1365311
1365411
1365479
1365529
1365695
1365724
1365729
1365833
1366823
1367245
1367648
1368120
1368680
1369032
1369049
1369166
1369802
1369855
1371497
1371741
1371929
1371997
1372589
1373439
1373793
1374276
1374454
1375651
1376165
1376461
1377522
1377734
1378313
1378530
1378801
1378810
1381457
1381796
1382798
1383380
1383467
1383717
1384250
1384894
1384987
1385261
1385291
1385879
1387186
1388620
1389038
1389123
1389299
1390517
1390607
1391065
1391409
1391663
1391884
1392215
1392293
1392478
1392636
1393054
1393361
1393532
1393567
1394050
1394200
1394552
1394649
1394722
1395841
1395872
1396033
1396069
1396076
1396413
1396734
1396887
1397299
1397313
1397766
1397790
1397877
1436302
1436504
1437210
1437643
1437776
1437828
1437917
1437932
1438216
1438291
1438522
1438890
1438956
1438958
1439144
1439154
1439224
1439241
1439500
1439522
1439662
1439790
1439910
1440196
1440257
1440276
1440334
1440477
1440478
1440488
1440751
1440830
1441419
1441436
1441684
1441777
1441819
1441907
1441920
1442104
1442159
1442575
1442607
1442715
1442967
1443025
1443241
1529054
1529077
1529299
1529343
1529380
1529619
1529752
1530009
1530185
1530329
1530425
1530453
1530549
1530673
1530702
1530737
1530799
1530822
1531115
1531380
1531417
1531476
1531566
1531572
1531726
1531734
1531795
1532130
1532397
1532636
1532687
1532919
1532925
1532979
1533193
1533207
1533252
1533303
1533320
1533325
1533449
1533512
1533712
1533856
1534166
1534168
1534178
1534536
1534688
1534708
1534754
1534813
1534900
1535328
1751129
1751143
1751207
1751913
1752123
1752130
1752177
1752987
1753123
1753134
1753558
1754055
1755509
1755517
1755753
1756505
1756794
1757592
1758224
1758587
1759019
1759620
1759639
1760206
1760513
1761174
1761738
1762124
1762478
1762810
1763148
1763297
1763299
1763584
1764028
1764222
1764699
1765105
1765497
1765689
1766122
1766459
1766649
1767357
1767528
1767703
1767924
1768112
1768297
1770978
1771864
1772016
1772273
1772646
1773301
1773429
1775042
1775184
1775988
1776249
1776333
1776580
1777177
1777188
1777618
1778118
1780089
1780572
1781476
1781566
1782753
1783599
1012326
1012416
1012480
1012560
1012755
1012819
1012878
1012953
1013022
1013055
1013072
1013177
1013188
1013218
1013345
1013352
1013375
1013403
1013420
1013425
1013434
1013435
1013553
1013569
1013603
1013616
1013645
1013646
1013695
1013712
1013718
1013721
1013818
1013825
1013851
1013856
1013886
1013909
1013938
1013943
1013965
1013987
1013997
1014007
1014053
1014128
1014171
1014189
1014225
1014226
1014228
1014246
1014265
1014289
1014316
1014398
1014400
1014425
1014489
1014494
1014506
1014507
1014511
1014539
1014550
1014675
1014729
1014745
1014764
1014765
1014798
1014828
1014934
1014999
1015000
1015125
1015175
1015253
1015260
1015303
1015309
1015335
1015358
1015385
1015386
1015432
1015444
1015456
1015482
1015504
1015524
1015547
1015566
1015602
1015609
1015654
1015714
1015720
1015750
1015824
1015828
1015844
1015893
1015894
1015925
1015942
1015968
1016054
1016080
1016089
1016097
1016107
1016122
1016134
1016153
1016237
1016300
1016311
1016349
1016405
1016444
1016454
1016520
1016532
1016601
1016617
1016635
1016701
1016707
1016762
1016784
1016794
1016870
1016910
1016928
1016934
1016999
1017026
1017029
1017030
1017083
1017133
1017156
1017189
1017232
1017235
1017239
1017245
1017275
1017303
1017307
1017357
1017429
1017478
1017506
1017542
1017562
1017563
1017590
1017591
1017608
1017700
1017708
1017924
1018026
1018076
1018164
1018197
1018210
1018284
1018291
1018323
1018328
1018348
1018355
1018393
1018399
1018487
1018519
1018538
1018543
1018570
1018609
1018619
1018640
1018652
1018688
1018700
1018706
1018713
1018751
1018753
1018774
1018824
1018834
1018990
1019059
1019068
1019073
1019074
1019117
1019180
1019311
1019373
1019385
1019394
1019439
1019531
1019562
1019588
1019681
1019704
1019736
1019745
1019757
1019765
1019799
1019838
1019875
1019918
1019975
1019994
1020005
1020040
1020054
1020059
1020060
1020109
1020112
1020132
1020205
1020208
1020243
1020269
1020299
1020344
1020453
1020561
1020570
1020636
1020652
1020669
1020680
1020713
1020737
1020788
1020789
1020853
1020932
1020934
1020961
1020963
1020980
1020989
1020994
1020997
1021019
1021022
1021063
1021066
1021160
1021225
1021227
1021236
1021244
1021245
1021252
1021256
1021260
1021296
1021314
1021365
1021386
1021399
1021403
1021407
1021458
1021492
1021515
1021516
1021540
1021544
1021562
1021612
1021617
1021703
1021723
1021724
1021731
1021796
1021801
1021835
1021840
1021852
1021935
1021949
1021975
1022006
1022038
1022105
1022207
1022238
1022350
1022354
1022462
1022472
1022497
1022509
1022527
1022535
1022566
1022616
1022621
1022655
1022728
1022771
1022778
1022824
1022871
1022874
1022886
1022900
1022933
1023000
1023004
1023047
1023079
1023116
1023155
1023173
1023198
1023224
1023252
1023284
1023342
1023350
1023388
1023415
1023501
1023518
1023523
1023550
1023559
1023562
1023580
1023581
1023618
1023628
1023682
1023730
1023736
1023739
1023754
1023782
1023847
1023871
1023874
1023884
1023938
1023939
1023967
1024002
1024070
1024072
1024088
1024107
1024168
1024174
1024179
1024200
1024230
1024233
1024238
1024277
1024288
1024316
1024318
1024325
1024332
1024374
1024412
1024455
1024498
1024507
1024540
1024548
1024558
1024564
1024569
1024618
1024640
1024664
1024716
1024720
1024782
1024826
1024854
1024856
1024857
1024873
1024951
1024971
1024972
1025034
1025093
1025111
1025238
1025271
1025280
1025308
1025310
1025347
1025374
1025386
1025402
1025420
1025474
1025475
1025511
1025516
1025519
1025565
1025566
1025621
1025695
1025718
1025739
1025752
1025780
1025787
1025795
1025799
1025828
1025847
1025916
1025962
1026037
1026053
1026059
1026111
1026131
1026169
1026325
1026346
1026375
1026376
1026385
1026386
1026496
1026515
1026636
1026646
1026720
1026739
1026753
1026777
1026907
1026945
1026956
1026973
1026977
1026983
1026984
1027004
1027029
1027147
1027218
1027222
1027237
1027241
1027248
1027258
1027276
1027289
1027299
1027303
1027311
1027323
1027361
1027419
1027442
1027443
1027457
1027500
1027504
1027528
1027533
1027562
1027601
1027664
1027667
1027675
1027760
1027762
1027783
1027837
1027854
1027939
1027984
1027989
1027995
1028028
1028031
1028032
1028043
1028090
1028091
1028094
1028121
1028146
1028179
1028217
1028225
1028226
1028242
1028259
1028265
1028273
1028283
1028291
1028355
1028461
1028549
1028623
1028700
1028705
1028791
1028794
1028806
1028868
1028886
1028923
1028935
1028977
1029061
1029071
1029083
1029092
1029108
1029116
1029197
1029208
1029229
1029233
1029267
1029276
1029318
1029342
1029532
1029535
1029622
1029633
1029674
1029675
1029683
1029702
1029726
1029754
1029756
1029764
1029766
1029810
1029826
1029831
1029912
1029946
1029949
1029980
1029992
1030013
1030037
1030171
1030174
1030200
1030303
1030353
1030356
1030368
1030382
1030389
1030393
1030397
1030425
1030468
1030509
1030542
1030550
1030579
1030581
1030609
1030627
1030686
1030699
1030714
1030788
1030826
1030849
1030875
1030911
1030937
1030952
1030965
1030968
1031009
1031084
1031099
1031118
1031122
1031124
1031150
1031234
1031236
1031326
1031335
1031341
1031378
1031474
1031484
1031516
1031536
1031541
1031545
1031556
1031636
1031639
1031647
1031664
1031675
1031699
1031721
1031728
1031769
1031850
1031890
1031953
1031964
1031985
1032043
1032065
1032074
1032077
1032102
1032115
1032130
1032140
1032148
1032181
1032194
1032197
1032218
1032219
1032222
1032272
1032293
1032295
1032297
1032312
1032337
1032387
1032414
1032427
1032447
1032552
1032585
1032760
1032784
1032795
1032884
1032953
1032966
1033028
1033040
1033263
1033309
1033318
1033345
1033373
1033419
1033515
1033516
1033533
1033577
1033633
1033653
1033658
1033670
1033699
1033759
1033824
1033851
1033876
1033941
1033992
1033993
1034015
1034085
1034111
1034126
1034131
1034136
1034162
1034183
1034241
1034242
1034318
1034330
1034351
1034396
1034399
1034420
1034478
1034479
1034515
1034531
1034596
1034606
1034660
1034690
1034802
1034807
1034815
1034836
1034931
1034933
1034957
1034976
1035001
1035018
1035153
1035214
1035302
1035361
1035369
1035375
1035417
1035481
1035485
1035512
1035533
1035594
1035596
1035632
1035694
1035699
1035702
1035711
1035724
1035754
1035768
1035776
1035876
1035933
1035944
1035966
1036031
1036062
1036089
1036099
1036122
1036150
1036182
1036227
1036232
1036245
1036256
1036267
1036358
1036359
1036377
1036464
1036480
1036493
1036590
1036601
1036717
1036725
1036796
1036799
1036832
1036883
1036885
1036921
1036962
1036967
1037001
1037028
1037039
1037124
1037302
1037313
1037375
1037387
1037428
1037465
1037543
1037556
1037654
1037722
1037752
1037837
1037927
1037952
1037954
1037979
1038002
1038006
1038022
1038049
1038089
1038107
1038175
1038243
1038263
1038283
1038311
1038329
1038340
1038403
1038426
1038451
1038455
1038460
1038487
1038543
1038556
1038569
1038646
1038714
1038754
1038770
1038799
1038802
1038881
1038887
1038889
1038918
1038968
1038974
1038976
1038985
1039123
1039212
1039267
1039281
1039302
1039337
1039391
1039392
1039404
1039411
1039417
1039465
1039496
1039545
1039570
1039579
1039611
1039629
1039634
1039642
1039645
1039691
1039720
1040044
1040045
1040067
1040113
1040126
1040201
1040265
1040306
1040346
1040390
1040425
1040431
1040475
1040511
1040705
1040777
1040807
1040813
1040846
1041069
1041072
1041137
1041176
1041194
1041225
1041228
1041276
1041368
1041444
1041454
1041487
1041489
1041509
1041613
1041678
1041715
1041777
1041903
1042029
1042047
1042116
1042225
1042347
1042424
1042519
1042542
1042553
1042622
1042698
1042758
1042764
1042785
1042810
1042824
1042848
1042942
1042948
1042973
1043060
1043140
1043143
1043154
1043158
1043188
1043309
1043313
1043332
1043346
1043358
1043377
1043484
1043512
1043602
1043624
1043635
1043666
1043684
1043739
1043747
1043748
1043795
1043833
1043837
1043887
1043907
1043946
1043957
1043993
1044048
1044213
1044225
1044243
1044259
1044267
1044295
1044314
1044389
1044399
1044543
1044619
1044710
1044714
1044724
1044800
1044807
1044821
1044971
1045013
1045066
1045082
1045138
1045199
1045275
1045300
1045424
1045471
1045546
1045610
1045679
1045926
1045979
1046080
1046152
1046167
1046211
1046241
1046290
1046323
1046371
1046372
1046462
1046508
1046576
1046638
1046686
1046717
1046760
1046835
1046866
1046894
1046904
1046929
1046951
1046958
1047029
1047055
1047097
1047136
1047162
1047200
1047206
1047257
1047345
1047353
1047473
1047474
1047536
1047549
1047757
1047811
1047837
1047876
1047962
1047990
1048017
1048050
1048147
1048174
1048224
1048264
1048340
1048366
1048380
1048497
1048503
1048550
1048588
1048660
1048706
1048790
1048838
1048842
1048882
1048887
1048900
1048923
1049112
1049128
1049171
1049178
1049212
1049270
1049288
1049329
1049386
1049391
1049494
1049643
1049665
1049675
1049687
1049698
1049751
1049816
1049844
1049864
1049866
1049876
1049900
1049930
1050084
1050171
1050174
1050287
1050312
1050327
1050353
1051301
1057658
1057712
1057727
1057739
1057755
1057762
1057772
1057785
1057796
1057818
1057830
1057835
1057863
1057899
1057913
1057919
1057969
1057990
1058013
1058029
1058055
1058102
1058142
1058152
1058170
1058182
1058226
1058233
1058275
1058314
1058333
1058350
1058360
1058369
1058380
1058386
1058459
1058467
1058515
1058518
1058544
1058549
1058560
1058621
1058710
1058755
1058779
1058786
1058827
1058844
1058870
1058875
1058900
1058907
1058910
1058949
1058957
1059078
1059090
1059127
1059241
1059267
1059298
1059302
1059331
1059375
1059401
1059428
1059443
1059452
1059505
1059538
1059551
1059623
1059624
1059645
1059691
1059696
1059722
1059747
1059767
1059768
1059794
1059798
1059821
1059880
1059971
1060005
1060006
1060022
1060069
1060091
1060170
1060174
1060187
1060227
1060250
1060319
1060336
1060351
1060355
1060377
1060380
1060432
1060447
1060552
1060652
1060683
1060702
1060730
1060743
1060773
1060795
1060816
1060837
1060839
1060851
1060871
1060906
1060931
1060945
1061006
1061046
1061058
1061100
1061236
1061328
1061366
1061368
1061380
1061431
1061432
1061476
1061535
1061558
1061603
1061606
1061638
1061647
1061669
1061674
1061739
1061743
1061793
1061816
1061833
1061978
1062011
1062054
1062085
1062124
1062138
1062201
1062212
1062251
1062293
1062303
1062391
1062397
1062449
1062500
1062546
1062557
1062626
1062648
1062702
1062807
1062894
1062897
1062930
1062962
1062990
1062992
1063047
1063078
1063113
1063115
1063129
1063155
1063184
1063260
1063294
1063333
1063439
1063448
1063452
1063483
1063695
1063759
1063794
1063835
1063910
1063950
1064063
1064130
1064151
1064152
1064165
1064199
1064213
1064288
1064354
1064377
1064382
1064389
1064424
1064490
1064538
1064567
1064599
1064619
1064662
1064672
1064688
1064692
1064726
1064851
1064950
1064960
1065090
1065098
1065137
1065157
1065214
1065241
1065268
1065279
1065296
1065298
1065304
1065314
1065347
1065369
1065407
1065429
1065467
1065473
1065540
1065614
1065635
1065652
1065667
1065702
1065797
1065845
1065870
1065913
1065967
1065988
1066011
1066050
1066054
1066076
1066087
1066145
1066172
1066217
1066228
1066312
1066362
1066373
1066402
1066413
1066416
1066466
1066473
1066484
1066552
1066562
1066636
1066641
1066648
1066673
1066680
1066692
1066730
1066755
1066773
1066786
1066804
1066818
1066895
1066924
1066952
1067009
1067065
1067069
1067100
1067101
1067171
1067188
1067453
1067471
1067485
1067574
1067604
1067673
1067687
1067688
1067725
1067834
1067851
1067865
1067871
1067923
1067931
1067938
1067940
1068023
1068032
1068049
1068051
1068190
1068208
1068248
1068260
1068316
1068347
1068367
1068429
1068438
1068474
1068496
1068555
1068601
1068612
1068636
1068681
1068749
1068768
1068779
1068823
1068866
1068904
1068922
1068953
1069002
1069012
1069021
1069050
1069094
1069168
1069297
1069302
1069399
1069411
1069424
1069571
1069601
1069604
1069622
1069683
1069806
1069827
1069869
1069985
1070005
1070023
1070064
1070088
1070109
1070206
1070220
1070249
1070251
1070257
1070319
1070326
1070331
1070376
1070488
1070575
1070600
1070629
1070639
1070718
1070805
1070833
1070893
1070906
1070955
1070962
1071002
1071034
1071039
1071083
1071122
1071165
1071224
1071229
1071255
1071286
1071324
1071326
1071330
1071331
1071337
1071371
1071484
1071491
1071495
1071499
1071635
1071645
1071675
1071682
1071685
1071710
1071758
1071780
1071802
1071819
1071830
1071962
1072000
1072079
1072084
1072160
1072169
1072206
1072258
1072292
1072342
1072369
1072473
1072554
1072589
1072593
1072607
1072633
1072670
1072724
1072731
1072739
1072753
1072765
1072888
1072901
1072933
1073018
1073023
1073049
1073103
1073117
1073129
1073172
1073230
1073236
1073241
1073258
1073270
1073386
1073405
1073429
1073438
1073490
1073621
1073654
1073665
1073685
1073812
1073846
1073908
1073916
1073981
1074030
1074068
1074069
1074094
1074151
1074203
1074225
1074232
1074244
1074281
1074321
1074520
1074563
1074587
1074608
1074619
1074620
1074692
1074739
1074759
1074764
1074774
1074797
1074905
1074925
1074992
1075029
1075066
1075125
1075144
1075192
1075194
1075203
1075243
1075313
1075370
1075376
1075390
1075395
1075450
1075530
1075714
1075759
1075767
1075815
1075844
1075875
1075963
1075976
1076014
1076141
1076380
1076431
1076439
1076449
1076500
1076539
1076553
1076637
1076664
1076733
1076747
1076762
1076763
1076797
1076815
1076869
1077082
1077102
1077158
1077167
1077219
1077242
1077328
1077329
1077338
1077351
1077352
1077389
1077524
1077620
1077629
1077714
1077716
1077737
1077765
1077824
1077944
1077951
1077977
1078010
1078037
1078071
1078127
1078179
1078208
1078227
1078284
1078287
1078299
1078322
1078328
1078391
1078404
1078449
1078466
1078522
1078546
1078548
1078568
1078590
1078598
1078691
1078694
1078702
1078720
1078789
1078795
1078818
1078851
1078940
1079035
1079048
1079053
1079144
1079153
1079162
1079235
1079258
1079277
1079340
1079377
1079443
1079507
1079516
1079563
1079588
1079593
1079601
1079637
1079699
1079837
1079850
1079852
1079865
1079910
1079927
1079932
1079941
1079945
1079981
1080011
1080026
1080119
1080172
1080175
1080234
1080275
1080292
1080318
1080323
1080392
1080426
1080440
1080498
1080502
1080521
1080609
1080670
1080734
1080753
1080788
1080871
1080880
1080882
1080968
1080996
1081065
1081110
1081198
1081202
1081204
1081208
1081234
1081278
1081328
1081374
1081380
1081392
1081409
1081526
1081534
1081553
1081626
1081639
1081738
1081746
1081776
1081789
1081791
1081846
1081886
1081898
1081908
1081918
1081923
1081932
1081978
1082002
1082012
1082117
1082118
1082134
1082177
1082204
1082258
1082284
1082287
1082331
1082367
1082370
1082404
1082418
1082433
1082435
1082449
1082451
1082458
1082459
1082478
1082581
1082642
1082699
1082709
1082715
1082734
1082787
1082873
1082890
1082914
1082954
1083002
1083020
1083023
1083033
1083118
1083155
1083173
1083207
1083217
1083224
1083264
1083301
1083308
1083311
1083353
1083355
1083388
1083391
1083434
1083454
1083455
1083500
1083571
1083574
1083621
1083639
1083714
1083741
1083814
1083845
1083846
1083863
1083876
1083910
1083937
1083973
1084027
1084071
1084108
1084112
1084256
1084302
1084377
1084398
1084440
1084544
1084549
1084551
1084566
1084570
1084621
1084641
1084653
1084686
1084720
1084742
1084860
1084861
1084867
1084870
1084876
1084890
1084906
1084928
1084945
1084954
1085124
1085143
1085152
1085164
1085222
1085230
1085242
1085244
1085264
1085307
1085318
1085338
1085342
1085349
1085358
1085472
1085641
1085667
1085701
1085702
1085720
1085724
1085728
1085762
1085764
1085820
1085916
1085968
1085970
1086043
1086071
1086082
1086114
1086124
1086135
1086138
1086140
1086141
1086162
1086180
1086191
1086212
1086228
1086292
1086314
1086407
1086431
1086435
1086445
1086458
1086485
1086514
1086547
1086575
1086581
1086583
1086637
1086675
1086685
1086741
1086800
1086803
1086856
1086913
1086923
1086943
1086993
1087012
1087081
1087100
1087107
1087108
1087128
1087153
1087168
1087173
1087175
1087179
1087290
1087317
1087330
1087354
1087380
1087382
1087484
1087519
1087525
1087606
1087655
1087679
1087713
1087714
1087755
1087792
1087808
1087822
1087829
1087837
1087893
1087898
1087927
1087933
1087963
1087984
1088016
1088022
1088038
1088051
1088053
1088055
1088064
1088096
1088110
1088118
1088143
1088175
1088203
1088208
1088228
1088288
1088310
1088329
1088355
1088357
1088398
1088406
1088429
1088459
1088476
1088481
1088493
1088568
1088580
1088581
1088634
1088654
1088667
1088673
1088721
1088773
1088790
1088806
1088921
1088960
1088972
1088979
1089044
1089093
1089148
1089190
1089199
1089204
1089259
1089277
1089284
1089291
1089309
1089338
1089393
1089449
1089478
1089488
1089491
1089551
1089562
1089566
1089600
1089610
1089650
1089660
1089676
1089751
1089805
1089810
1089814
1089816
1089875
1089882
1089890
1089965
1089988
1090053
1090055
1090062
1090115
1090120
1090134
1090167
1090180
1090195
1090213
1090264
1090432
1090465
1090470
1090527
1090545
1090552
1090567
1090594
1090606
1090633
1090651
1090677
1090681
1090694
1090734
1090759
1090822
1090844
1090881
1090925
1090935
1090946
1090950
1090978
1090980
1090999
1091013
1091118
1091142
1091201
1091206
1091233
1091254
1091262
1091293
1091305
1091349
1091385
1091396
1091405
1091417
1091421
1091428
1091507
1091517
1091565
1091570
1091593
1091609
1091616
1091653
1091751
1091765
1091784
1091803
1091812
1091833
1091883
1091904
1091930
1091976
1091998
1092060
1092062
1092067
1092075
1092099
1092166
1092218
1092243
1092262
1092268
1092299
1092325
1092336
1092355
1092357
1092365
1092371
1092421
1092422
1092433
1092451
1092509
1092513
1092527
1092564
1092607
1092647
1092648
1092652
1092671
1092682
1092685
1092716
1092717
1092793
1092798
1092851
1092861
1092890
1092909
1092921
1092947
1092961
1092977
1092998
1093029
1093035
1093076
1093104
1093115
1093149
1093170
1093183
1093208
1093229
1093285
1093292
1093305
1093306
1093323
1093326
1093331
1093381
1093395
1093427
1093489
1093608
1093617
1093651
1093653
1093722
1093753
1093789
1093803
1093834
1093854
1093880
1093881
1093911
1093943
1093968
1093975
1093980
1093985
1094018
1094034
1094039
1094050
1094060
1094066
1094068
1094069
1094110
1094276
1094280
1094324
1094325
1094326
1094358
1094397
1094406
1094423
1094442
1094443
1094485
1094495
1094513
1094524
1094536
1094537
1094567
1094613
1094681
1094716
1094717
1094757
1094760
1094765
1094814
1094876
1094880
1094885
1094895
1094920
1094950
1094961
1095025
1095033
1095043
1095054
1095056
1095101
1095106
1095114
1095151
1095212
1095216
1095242
1095249
1095297
1095307
1095441
1095446
1095460
1095477
1095479
1095493
1095494
1095509
1095518
1095579
1095586
1095603
1095611
1095622
1095676
1095700
1095716
1095728
1095734
1095743
1095772
1095858
1095859
1095861
1095863
1095901
1095908
1095910
1095933
1095952
1095987
1095989
1096022
1096041
1096047
1096072
1096077
1096138
1096148
1096169
1096250
1096270
1096286
1096292
1096294
1096300
1096309
1096312
1096323
1096340
1096348
1096378
1096411
1096445
1096447
1096453
1096465
1096470
1096480
1096509
1096513
1096522
1096552
1096618
1096638
1096690
1096779
1096793
1096795
1096809
1096819
1096878
1096893
1096896
1096927
1096973
1096997
1097052
1097075
1097120
1097139
1097154
1097175
1097215
1097231
1097253
1097256
1097275
1097317
1097377
1097394
1097450
1097458
1097476
1097486
1097494
1097496
1097497
1097515
1097592
1097624
1097714
1097775
1097797
1097832
1097847
1097860
1097899
1097927
1097938
1097948
1097975
1098008
1098020
1098022
1098061
1098073
1098098
1098117
1098140
1098234
1098282
1098296
1098328
1098332
1098341
1098354
1098361
1098364
1098377
1098401
1098405
1098420
1098424
1098436
1098455
1098489
1098517
1098522
1098532
1098538
1098542
1098551
1098559
1098564
1098582
1098586
1098596
1098615
1098637
1098644
1098661
1098667
1098710
1098743
1098747
1098748
1098750
1098807
1098833
1098851
1098865
1098915
1098954
1098959
1098989
1099009
1099022
1099029
1099064
1099066
1099074
1099090
1099091
1099106
1099133
1099171
1099174
1099191
1099198
1099204
1099249
1099253
1099277
1099285
1099288
1099341
1099368
1099379
1099396
1099423
1099502
1099539
1099596
1099604
1099605
1099613
1099617
1099626
1099628
1099638
1099660
1099674
1099679
1099688
1099690
1099717
1099724
1099800
1099801
1099839
1099875
1099890
1099926
1099949
1100046
1100068
1100089
1100123
1100130
1100142
1100149
1100155
1100158
1100177
1100183
1100193
1100205
1100228
1100245
1100292
1100307
1100332
1100347
1100352
1100360
1100378
1100414
1100423
1100440
1100461
1100492
1100496
1100500
1100525
1100559
1100631
1100660
1100715
1100723
1100742
1100772
1100778
1100847
1100870
1100918
1100925
1100974
1100994
1101040
1101174
1101177
1101180
1101201
1101297
1101303
1101312
1101321
1101324
1101327
1101330
1101334
1101367
1101378
1101414
1101429
1101519
1101531
1101552
1101586
1101588
1101602
1101642
1101643
1101653
1101719
1101739
1101773
1101786
1101792
1101805
1101819
1101852
1101867
1101909
1101933
1101950
1101981
1102053
1102073
1102156
1102191
1102218
1102233
1102343
1102345
1102346
1102354
1102364
1102385
1102403
1102410
1102450
1102474
1102488
1102495
1102497
1102523
1102540
1102619
1102634
1102679
1102694
1102701
1102729
1102747
1102772
1102773
1102780
1102783
1102799
1102808
1102949
1102972
1102976
1103014
1103044
1103065
1103071
1103110
1103146
1103167
1103168
1103174
1103184
1103193
1103208
1103222
1103301
1103356
1103378
1103403
1103404
1103408
1103410
1103443
1103539
1103551
1103615
1103702
1103703
1103711
1103716
1103726
1103729
1103756
1103770
1103794
1103795
1103829
1103833
1103866
1103901
1103932
1103935
1103974
1103975
1103978
1104007
1104019
1104023
1104196
1104277
1104283
1104304
1104352
1104361
1104401
1104418
1104557
1104639
1104657
1104679
1104696
1104713
1104725
1104868
1104869
1104881
1104912
1104952
1104966
1104968
1104991
1105061
1105088
1105114
1105176
1105198
1105208
1105292
1105386
1105406
1105410
1105429
1105457
1105524
1105608
1105619
1105631
1105638
1105656
1105785
1105834
1105849
1105920
1105923
1105930
1106037
1106042
1106067
1106095
1106169
1106187
1106291
1106486
1106490
1106635
1106646
1106677
1106681
1106690
1106774
1106837
1106874
1106882
1106884
1107017
1107027
1107087
1107161
1107217
1107282
1107338
1107454
1107485
1107548
1107649
1107668
1107676
1107701
1107726
1107736
1107803
1107851
1108010
1108131
1108134
1108139
1108203
1108337
1108367
1108491
1108552
1108596
1108602
1108686
1108862
1108873
1108900
1108985
1109003
1109034
1109118
1109137
1109163
1109169
1109191
1109223
1109230
1109260
1109263
1109313
1109350
1109417
1109439
1109465
1109543
1109548
1109550
1109576
1109588
1109598
1109631
1109646
1109667
1109761
1109853
1109861
1109869
1109953
1110008
1110083
1110099
1110176
1110196
1110354
1110383
1110468
1110488
1110604
1110663
1110677
1110713
1110716
1110771
1110780
1110796
1110808
1110875
1110947
1110976
1111019
1111054
1111062
1111141
1111184
1111197
1111202
1111287
1111353
1111382
1111414
1111476
1111494
1111510
1111582
1111597
1111598
1111608
1111610
1111615
1111731
1111843
1111859
1111862
1111870
1111915
1111995
1112078
1112132
1112142
1112218
1112232
1112351
1112369
1112392
1112405
1112418
1112474
1112500
1112530
1112571
1112586
1112655
1112658
1112671
1112678
1112684
1112770
1112859
1112916
1112972
1113116
1113225
1113243
1113317
1113365
1113376
1113446
1113811
1113863
1113879
1114025
1114070
1114084
1114122
1114125
1114260
1114483
1114514
1114550
1114625
1114633
1114658
1114674
1114950
1115012
1115019
1115076
1115194
1115221
1115229
1115240
1115310
1115324
1115346
1115351
1115403
1115455
1115484
1115661
1115699
1115719
1115749
1115832
1116004
1116084
1116090
1116105
1116134
1116318
1116356
1116391
1116426
1116497
1116542
1116588
1116603
1116640
1116731
1116736
1116781
1116794
1116826
1116858
1116904
1117011
1117094
1117203
1117236
1117304
1117352
1117398
1117620
1117646
1117667
1117683
1117755
1117766
1117775
1117784
1117801
1117926
1118011
1118056
1118083
1118136
1118250
1118251
1118329
1118364
1118397
1118536
1118538
1118582
1118622
1118699
1118702
1118723
1118953
1118989
1119066
1119171
1119188
1119267
1119288
1119368
1119402
1119446
1119447
1119495
1119504
1119522
1119571
1119572
1119647
1119668
1119676
1119776
1119799
1119958
1120122
1120139
1120199
1120224
1120232
1120277
1120292
1120335
1120382
1120474
1120507
1120658
1120748
1120763
1120865
1120886
1120949
1121213
1121235
1121245
1121267
1121332
1121355
1121415
1121501
1121604
1121721
1121730
1121753
1121891
1122002
1122010
1122018
1122047
1122137
1122187
1122204
1122266
1122294
1122365
1122374
1122493
1122540
1122575
1122707
1122755
1122791
1122917
1122928
1122973
1122988
1123126
1123144
1123153
1123190
1123214
1123250
1123273
1123326
1123404
1123441
1123463
1123487
1123617
1123636
1123705
1123789
1123835
1123859
1123943
1124088
1124107
1124136
1124171
1124198
1124323
1124340
1124402
1124460
1124512
1124767
1124914
1125006
1125227
1125233
1125258
1125729
1125998
1126006
1126042
1126177
1126194
1126205
1126355
1126461
1126532
1126746
1126766
1126826
1126883
1126939
1126973
1127049
1127084
1127138
1127165
1127195
1127239
1127285
1127399
1127482
1127522
1127582
1127606
1127640
1127857
1127944
1128272
1128411
1128412
1128460
1128501
1128539
1128831
1128903
1129000
1129193
1129218
1129239
1129388
1129479
1129580
1129759
1129799
1129803
1129817
1129846
1129902
1129904
1130005
1130106
1130185
1130265
1130286
1130339
1130396
1130447
1130459
1130570
1130577
1130578
1130605
1130608
1130622
1130727
1130747
1130762
1130775
1130800
1130818
1130860
1130861
1130940
1130957
1130980
1131082
1131227
1131239
1131257
1131346
1131394
1131436
1131440
1131454
1131512
1131552
1131559
1131594
1131710
1131718
1131749
1131812
1131829
1131840
1131926
1131978
1132003
1132027
1132060
1132072
1132114
1132116
1132174
1132191
1132192
1132215
1132255
1132259
1132314
1132371
1132402
1132428
1132437
1132477
1132511
1132557
1132578
1132600
1132602
1132665
1132678
1132692
1132707
1132759
1132768
1132784
1132839
1132917
1132922
1132952
1133007
1133022
1133317
1133321
1133431
1133468
1133590
1133597
1133629
1133702
1133763
1133806
1133906
1133926
1133936
1133959
1133961
1133971
1133974
1133994
1133996
1134004
1134067
1134119
1134146
1134159
1134178
1134312
1134341
1134344
1134352
1134430
1134441
1134462
1134515
1134537
1134571
1134601
1134626
1134639
1134683
1134729
1134756
1134811
1134844
1134859
1134866
1134886
1134987
1134994
1135065
1135069
1135076
1135094
1135096
1135127
1135256
1135269
1135336
1135386
1135396
1135455
1135463
1135482
1135502
1135590
1135607
1135623
1135719
1135764
1135771
1135816
1135849
1135890
1135900
1135904
1135920
1135928
1135966
1135971
1135996
1136014
1136036
1136061
1136073
1136075
1136098
1136119
1136122
1136123
1136125
1136169
1136189
1136199
1136235
1136236
1136314
1136352
1136355
1136386
1136405
1136407
1136432
1136439
1136494
1136535
1136538
1136639
1136664
1136703
1136725
1136748
1136771
1136791
1136807
1136858
1136916
1136923
1136945
1136976
1137003
1137016
1137085
1137112
1137116
1137181
1137190
1137210
1137237
1137255
1137293
1137297
1137303
1137370
1137412
1137502
1137529
1137594
1137677
1137714
1137723
1137736
1137766
1137780
1137781
1137809
1137857
1137917
1137965
1137985
1137986
1138006
1138022
1138025
1138034
1138046
1138084
1138108
1138156
1138255
1138259
1138313
1138325
1138350
1138361
1138378
1138383
1138437
1138566
1138618
1138625
1138663
1138707
1138729
1138899
1138918
1138938
1138940
1138972
1139008
1139069
1139074
1139095
1139102
1139125
1139165
1139175
1139204
1139216
1139228
1139235
1139240
1139241
1139252
1139267
1139285
1139291
1139342
1139392
1139429
1139440
1139466
1139510
1139573
1139577
1139587
1139589
1139607
1139614
1139625
1139645
1139649
1139669
1139703
1139719
1139752
1139772
1139773
1139780
1139838
1139854
1139861
1139884
1139927
1139950
1140015
1140019
1140038
1140043
1140087
1140124
1140139
1140166
1140217
1140221
1140296
1140318
1140383
1140413
1140461
1140494
1140531
1140549
1140578
1140581
1140582
1140639
1140695
1140697
1140700
1140795
1140801
1140806
1140812
1140821
1140832
1140842
1140848
1140856
1140912
1140932
1140959
1141008
1141030
1141118
1141163
1141165
1141173
1141177
1141213
1141275
1141286
1141327
1141360
1141490
1141504
1141534
1141596
1141614
1141619
1141652
1141674
1141686
1141688
1141715
1141717
1141722
1141724
1141750
1141773
1141783
1141797
1141858
1141984
1142009
1142027
1142053
1142170
1142185
1142194
1142210
1142228
1142269
1142301
1142309
1142381
1142386
1142410
1142439
1142452
1142502
1142555
1142584
1142589
1142662
1142700
1142720
1142723
1142771
1142829
1142848
1142889
1142912
1142942
1142971
1143022
1143076
1143095
1143131
1143138
1143146
1143162
1143169
1143171
1143208
1143233
1143234
1143574
1146548
1150140
1150215
1150311
1150333
1150355
1150419
1150443
1150452
1150453
1150520
1150593
1150605
1150622
1150732
1150799
1150848
1150856
1150917
1150959
1150962
1151017
1151065
1151101
1151164
1151213
1151215
1151242
1151268
1151333
1151398
1151435
1151449
1151474
1151537
1151538
1151593
1151606
1151676
1151679
1151683
1151699
1151724
1151850
1151873
1151883
1151910
1151937
1151958
1151974
1152074
1152090
1152101
1152110
1152114
1152116
1152147
1152166
1152193
1152307
1152370
1152385
1152446
1152487
1152568
1152698
1152757
1152778
1152811
1152855
1152862
1152919
1152925
1153001
1153028
1153038
1153094
1153106
1153143
1153166
1153172
1153184
1153203
1153247
1153284
1153289
1153295
1153401
1153446
1153475
1153588
1153629
1153634
1153710
1153728
1153731
1153732
1153743
1153746
1153779
1153787
1153794
1153812
1153829
1153832
1153871
1153883
1153890
1153905
1153924
1153950
1153969
1153980
1154010
1154040
1154055
1154074
1154183
1154200
1154201
1154225
1154264
1154305
1154348
1154357
1154361
1154390
1154394
1154445
1154446
1154472
1154628
1154723
1154727
1154766
1154797
1154809
1154852
1154869
1154882
1154887
1154893
1154907
1154910
1154914
1154978
1155025
1155036
1155037
1155042
1155055
1155060
1155088
1155145
1155151
1155188
1155295
1155305
1155310
1155327
1155343
1155358
1155408
1155466
1155531
1155717
1155783
1155827
1155868
1155901
1155922
1155956
1155957
1155978
1156005
1156050
1156058
1156116
1156122
1156124
1156129
1156193
1156250
1156265
1156328
1156363
1156449
1156451
1156519
1156548
1156593
1156808
1156817
1156824
1156858
1156865
1156873
1156992
1157060
1157131
1157173
1157190
1157216
1157222
1157343
1157347
1157363
1157399
1157406
1157408
1157420
1157485
1157500
1157556
1157599
1157628
1157700
1157719
1157725
1157767
1157778
1157839
1157877
1157910
1157925
1157946
1157983
1157987
1158018
1158049
1158056
1158083
1158098
1158146
1158184
1158235
1158267
1158307
1158316
1158361
1158376
1158383
1158384
1158447
1158465
1158477
1158655
1158711
1158736
1158765
1158866
1158878
1159035
1159042
1159060
1159135
1159145
1159160
1159172
1159191
1159193
1159361
1159365
1159367
1159370
1159379
1159407
1159418
1159429
1159516
1159520
1159559
1159579
1159585
1159635
1159651
1159658
1159678
1159747
1159796
1159883
1159923
1159937
1159949
1159999
1160036
1160046
1160056
1160082
1160110
1160167
1160202
1160310
1160329
1160403
1160489
1160522
1160556
1160689
1160710
1160795
1160861
1160953
1160964
1161029
1161030
1161059
1161112
1161124
1161134
1161215
1161217
1161236
1161246
1161249
1161334
1161371
1161390
1161408
1161462
1161483
1161569
1161585
1161591
1161597
1161617
1161650
1161740
1161766
1161884
1161907
1161909
1161934
1161949
1162033
1162104
1162112
1162443
1162531
1162557
1162573
1162583
1162614
1162621
1162674
1162682
1162719
1162748
1162758
1162772
1162819
1162876
1162903
1162966
1162974
1162996
1163011
1163040
1163103
1163108
1163123
1163130
1163138
1163164
1163191
1163234
1163265
1163329
1163447
1163493
1163501
1163529
1163645
1163663
1163688
1163788
1163793
1163830
1163882
1163939
1163956
1164065
1164079
1164085
1164209
1164238
1164260
1164271
1164318
1164326
1164372
1164377
1164379
1164434
1164439
1164489
1164544
1164548
1164549
1164576
1164628
1164642
1164758
1164777
1164799
1164816
1164883
1164908
1164944
1165041
1165054
1165171
1165229
1165261
1165367
1165377
1165392
1165395
1165406
1165441
1165483
1165486
1165514
1165576
1165621
1165648
1165700
1165742
1165799
1165846
1165887
1165914
1165920
1165943
1166029
1166057
1166081
1166107
1166114
1166117
1166141
1166156
1166213
1166232
1166254
1166299
1166300
1166340
1166383
1166476
1166527
1166563
1166568
1166597
1166638
1166657
1166660
1166683
1166699
1166714
1166789
1166805
1166831
1166845
1166848
1166854
1166902
1166943
1167034
1167092
1167115
1167154
1167228
1167336
1167362
1167405
1167441
1167462
1167581
1167589
1167591
1167643
1167672
1167741
1167755
1167855
1167883
1167900
1167953
1168053
1168094
1168105
1168119
1168127
1168193
1168246
1168275
1168277
1168351
1168410
1168467
1168573
1168602
1168627
1168712
1168715
1168724
1168768
1168814
1168845
1168866
1169045
1169097
1169128
1169202
1169204
1169220
1169228
1169305
1169316
1169372
1169417
1169437
1169480
1169505
1169514
1169533
1169542
1169603
1169697
1169707
1169716
1169740
1169861
1169875
1169947
1169982
1170114
1170120
1170186
1170256
1170449
1170480
1170586
1170664
1170692
1170723
1170727
1170729
1170745
1170804
1170839
1170921
1170995
1171026
1171038
1171095
1171115
1171121
1171211
1171229
1171239
1171267
1171307
1171335
1171381
1171403
1171446
1171456
1171504
1171518
1171534
1171543
1171609
1171755
1171768
1171800
1171881
1171884
1171886
1171937
1171999
1172008
1172055
1172060
1172103
1172166
1172186
1172248
1172265
1172305
1172335
1172363
1172499
1172560
1172631
1172640
1172654
1172695
1172697
1172803
1172829
1172843
1172855
1172871
1172894
1173058
1173063
1173179
1173211
1173370
1173412
1173427
1173432
1173451
1173578
1173627
1173694
1173790
1173811
1173840
1173880
1173959
1173989
1174009
1174055
1174082
1174098
1174103
1174109
1174115
1174118
1174122
1174152
1174162
1174353
1174387
1174481
1174501
1174540
1174548
1174619
1174634
1174678
1174682
1174695
1174739
1174740
1174789
1174886
1174897
1174915
1174947
1174978
1174994
1175020
1175077
1175096
1175136
1175141
1175150
1175179
1175309
1175332
1175333
1175433
1175454
1175469
1175513
1175603
1175654
1175687
1175700
1175708
1175711
1175724
1175792
1175808
1175849
1175862
1175866
1175892
1175899
1175972
1175980
1175995
1176045
1176060
1176072
1176077
1176124
1176205
1176265
1176315
1176349
1176370
1176382
1176478
1176530
1176567
1176618
1176668
1176745
1176755
1176760
1176815
1176839
1176867
1176879
1176918
1176988
1176991
1176996
1177006
1177036
1177070
1177072
1177091
1177131
1177163
1177202
1177205
1177225
1177260
1177269
1177291
1177356
1177442
1177479
1177500
1177531
1177557
1177584
1177608
1177611
1177665
1177700
1177775
1177797
1177854
1177880
1177900
1177911
1177936
1177977
1178020
1178056
1178067
1178196
1178216
1178222
1178399
1178420
1178426
1178431
1178454
1178466
1178475
1178521
1178546
1178584
1178608
1178623
1178703
1178716
1178729
1178823
1178832
1178887
1178923
1178942
1178997
1179003
1179085
1179138
1179148
1179174
1179179
1179207
1179254
1179263
1179329
1179330
1179331
1179387
1179515
1179537
1179577
1179595
1179623
1179643
1179648
1179658
1179671
1179690
1179712
1179805
1179810
1179963
1179990
1180026
1180129
1180215
1180264
1180321
1180324
1180520
1180571
1180601
1180617
1180619
1180628
1180679
1180684
1180705
1180708
1180717
1180741
1180746
1180765
1180824
1180830
1180908
1180914
1180967
1180987
1181004
1181016
1181028
1181068
1181084
1181109
1181250
1181283
1181315
1181426
1181431
1181441
1181499
1181509
1181535
1181561
1181563
1181794
1181952
1182027
1182066
1182068
1182120
1182132
1182164
1182211
1182264
1182360
1182452
1182465
1182519
1182525
1182596
1182598
1182624
1182650
1182661
1182689
1182716
1182744
1182748
1182754
1182813
1182875
1182934
1183035
1183036
1183085
1183226
1183287
1183351
1183384
1183388
1183441
1183518
1183699
1183700
1183727
1183762
1183780
1183798
1183854
1183883
1183894
1183895
1183901
1183972
1183973
1184015
1184034
1184112
1184248
1184296
1184375
1184391
1184448
1184454
1184524
1184588
1184598
1184619
1184654
1184678
1184853
1184872
1184901
1184950
1184963
1185052
1185062
1185063
1185110
1185133
1185171
1185237
1185260
1185282
1185376
1185399
1185406
1185407
1185413
1185433
1185469
1185486
1185487
1185519
1185544
1185546
1185615
1185617
1185640
1185656
1185711
1185730
1185739
1185754
1185758
1185775
1185797
1185880
1185881
1185888
1185921
1185966
1186075
1186211
1186228
1186231
1186236
1186266
1186435
1186456
1186487
1186595
1186657
1186709
1186727
1186731
1186739
1186746
1186788
1186854
1186894
1186977
1186992
1187085
1187090
1187099
1187202
1187234
1187266
1187299
1187313
1187386
1187405
1187426
1187437
1187540
1187555
1187568
1187594
1187652
1187678
1187688
1187691
1187718
1187720
1187760
1187798
1187834
1187852
1187933
1187934
1187981
1188034
1188039
1188056
1188145
1188157
1188170
1188208
1188223
1188256
1188341
1188364
1188477
1188484
1188497
1188505
1188517
1188557
1188571
1188643
1188696
1188768
1188795
1188810
1188833
1188948
1188963
1188981
1189024
1189059
1189078
1189085
1189094
1189102
1189147
1189151
1189315
1189360
1189392
1189475
1189480
1189554
1189579
1189613
1189642
1189718
1189767
1189770
1189792
1189947
1189954
1190025
1190055
1190116
1190126
1190143
1190216
1190225
1190288
1190330
1190337
1190365
1190366
1190379
1190400
1190431
1190478
1190569
1190582
1190595
1190604
1190640
1190666
1190696
1190742
1190745
1190829
1190949
1190972
1190988
1191000
1191028
1191032
1191043
1191058
1191068
1191111
1191128
1191130
1191166
1191210
1191250
1191257
1191265
1191282
1191398
1191448
1191464
1191480
1191525
1191529
1191585
1191610
1191627
1191642
1191672
1191682
1191700
1191722
1191769
1191773
1191787
1191903
1191907
1191938
1191973
1192003
1192092
1192103
1192120
1192172
1192284
1192285
1192351
1192365
1192408
1192430
1192431
1192530
1192531
1192546
1192560
1192582
1192599
1192605
1192714
1192775
1192795
1192798
1192840
1193099
1193102
1193113
1193136
1193247
1193264
1193360
1193366
1193381
1193419
1193435
1193449
1193457
1193483
1193520
1193575
1193694
1193715
1193771
1193778
1193817
1193867
1193949
1194019
1194047
1194092
1194146
1194208
1194227
1194301
1194327
1194356
1194367
1194414
1194423
1194595
1194614
1194776
1194792
1194838
1194843
1194870
1194972
1195003
1195005
1195038
1195051
1195120
1195212
1195241
1195256
1195336
1195371
1195455
1195529
1195530
1195531
1195533
1195594
1195618
1195632
1195672
1195704
1195786
1195864
1195902
1195930
1195961
1195975
1195977
1195987
1196008
1196025
1196049
1196062
1196069
1196077
1196089
1196109
1196138
1196140
1196146
1196237
1196246
1196252
1196273
1196376
1196505
1196524
1196572
1196657
1196719
1196763
1196789
1196875
1196881
1196892
1196902
1196992
1197067
1197122
1197145
1197151
1197164
1197188
1197275
1197350
1197412
1197477
1197481
1197557
1197595
1197616
1197663
1197717
1197751
1197806
1197820
1197837
1197857
1197874
1197892
1197899
1197920
1197950
1197955
1197958
1197968
1197980
1197999
1198068
1198089
1198093
1198100
1198126
1198233
1198249
1198294
1198339
1198373
1198402
1198411
1198415
1198437
1198441
1198451
1198454
1198506
1198579
1198628
1198633
1198743
1198770
1198799
1198836
1198891
1198907
1198939
1198961
1198988
1198993
1199000
1199013
1199046
1199052
1199055
1199056
1199116
1199119
1199198
1199320
1199333
1199425
1199489
1199503
1199523
1199586
1199593
1199636
1199648
1199678
1199719
1199727
1199732
1199744
1199771
1199785
1199806
1199838
1199851
1199885
1199889
1199948
1200010
1200026
1200089
1200123
1200180
1200245
1200276
1200372
1200416
1200418
1200443
1200462
1200525
1200538
1200548
1200552
1200558
1200606
1200631
1200634
1200705
1200838
1200858
1200899
1200923
1200925
1200926
1200947
1200972
1200982
1201004
1201009
1201039
1201258
1201271
1201293
1201311
1201318
1201321
1201401
1201478
1201483
1201518
1201542
1201564
1201566
1201567
1201586
1201629
1201699
1201776
1201805
1201818
1201823
1201849
1201955
1201973
1201975
1202014
1202018
1202042
1202062
1202085
1202098
1202149
1202166
1202192
1202241
1202282
1202305
1202313
1202423
1202432
1202466
1202496
1202513
1202547
1202549
1202550
1202553
1202568
1202573
1202586
1202612
1202622
1202698
1202791
1202795
1202875
1202885
1202906
1202990
1202997
1203012
1203034
1203075
1203093
1203105
1203142
1203143
1203188
1203227
1203235
1203252
1203286
1203330
1203354
1203432
1203455
1203475
1203495
1203512
1203525
1203582
1203637
1203639
1203708
1203718
1203724
1203829
1203870
1203892
1203908
1203967
1203988
1203992
1204083
1204126
1204127
1204145
1204149
1204153
1204161
1204164
1204248
1204289
1204311
1204396
1204441
1204453
1204487
1204515
1204547
1204564
1204566
1204567
1204591
1204671
1204699
1204716
1204738
1204739
1204839
1204856
1204876
1204897
1204982
1205000
1205028
1205032
1205046
1205151
1205164
1205232
1205322
1205372
1205375
1205397
1205460
1205496
1205589
1205590
1205592
1205623
1205684
1205692
1205824
1205859
1205995
1206070
1206169
1206178
1206179
1206183
1206187
1206222
1206244
1206248
1206271
1206334
1206380
1206392
1206414
1206425
1206447
1206466
1206500
1206573
1206649
1206730
1206766
1206817
1206847
1206850
1206935
1206956
1207049
1207066
1207094
1207126
1207140
1207155
1207248
1207265
1207332
1207337
1207366
1207387
1207424
1207440
1207459
1207493
1207512
1207683
1207730
1207780
1207800
1207804
1207828
1207839
1207849
1207911
1208026
1208047
1208062
1208102
1208120
1208235
1208304
1208317
1208318
1208338
1208363
1208385
1208460
1208486
1208495
1208578
1208593
1208646
1208761
1208803
1208817
1208905
1208927
1208934
1208976
1208977
1209028
1209154
1209156
1209183
1209325
1209456
1209500
1209504
1209596
1209615
1209646
1209663
1209693
1209709
1209724
1209752
1209768
1209801
1209829
1209891
1209949
1209951
1209954
1209958
1210001
1210031
1210128
1210340
1210543
1210559
1210596
1210629
1210692
1210772
1210820
1210828
1210886
1210900
1210940
1210954
1211022
1211054
1211066
1211118
1211168
1211307
1211331
1211648
1211672
1211775
1211851
1211852
1211859
1211904
1211952
1211957
1211990
1212047
1212142
1212172
1212188
1212201
1212209
1212214
1212236
1212246
1212260
1212264
1212267
1212286
1212309
1212328
1212333
1212378
1212417
1212437
1212439
1212442
1212465
1212481
1212532
1212563
1212603
1212655
1212719
1212728
1212731
1212853
1212953
1213043
1213151
1213190
1213221
1213278
1213315
1213355
1213394
1213464
1213500
1213518
1213523
1213596
1213618
1213633
1213678
1213692
1213731
1213741
1213745
1213800
1213820
1213831
1213872
1213907
1213919
1213926
1213946
1214012
1214040
1214130
1214139
1214159
1214293
1214332
1214349
1214370
1214411
1214414
1214423
1214478
1214489
1214490
1214569
1214595
1214618
1214652
1214653
1214687
1214693
1214698
1214721
1214799
1214843
1214888
1214926
1214928
1214945
1215012
1215075
1215137
1215147
1215153
1215179
1215233
1215294
1215408
1215458
1215505
1215527
1215566
1215602
1215624
1215626
1215654
1215756
1215765
1215779
1215845
1215878
1215896
1215905
1215940
1216028
1216104
1216161
1216181
1216234
1216240
1216243
1216264
1216272
1216285
1216355
1216399
1216446
1216514
1216564
1216718
1216766
1216848
1216851
1216870
1216941
1216961
1216978
1217030
1217066
1217123
1217128
1217140
1217152
1217171
1217180
1217196
1217219
1217251
1217279
1217289
1217344
1217432
1217537
1217570
1217615
1217633
1217647
1217676
1217687
1217832
1217847
1217880
1217883
1217914
1217940
1218090
1218116
1218118
1218131
1218177
1218198
1218218
1218244
1218369
1218436
1218493
1218539
1218624
1218630
1218644
1218665
1218675
1218698
1218708
1218712
1218758
1218768
1218772
1218780
1218856
1218858
1218865
1218925
1218967
1218994
1219028
1219067
1219112
1219148
1219171
1219252
1219272
1219348
1219373
1219423
1219463
1219506
1219546
1219572
1219583
1219678
1219760
1219790
1219906
1219946
1219947
1219963
1219980
1220098
1220106
1220129
1220189
1220195
1220201
1220241
1220300
1220357
1220375
1220407
1220432
1220493
1220565
1220605
1220631
1220634
1220733
1220744
1220785
1220883
1220884
1220907
1220916
1220969
1220973
1220983
1221084
1221217
1221229
1221290
1221313
1221336
1221365
1221370
1221383
1221415
1221469
1221494
1221582
1221601
1221628
1221661
1221685
1221713
1221913
1221919
1221950
1221983
1221986
1222036
1222039
1222165
1222172
1222288
1222292
1222522
1222547
1222594
1222609
1222616
1222618
1222650
1222670
1222721
1222815
1222818
1222894
1222896
1222906
1222934
1223083
1223107
1223112
1223122
1223124
1223265
1223320
1223333
1223338
1223371
1223459
1223460
1223507
1223524
1223529
1223610
1223637
1223834
1223838
1223841
1223883
1223890
1223899
1223942
1223944
1223949
1223956
1223976
1223991
1224005
1224012
1224023
1224045
1224147
1224151
1224177
1224204
1224228
1224255
1224282
1224294
1224376
1224404
1224508
1224509
1224566
1224580
1224668
1224683
1224718
1224735
1224751
1224827
1224847
1224911
1224920
1224987
1224990
1225096
1225213
1225217
1225259
1225274
1225281
1225300
1225369
1225399
1225406
1225445
1225450
1225455
1225459
1225578
1225600
1225608
1225619
1225661
1225682
1225747
1225753
1225805
1225846
1225863
1225895
1225968
1226054
1226065
1226068
1226123
1226210
1226232
1226267
1226327
1226328
1226340
1226446
1226458
1226460
1226488
1226507
1226735
1226787
1226807
1226846
1226850
1226915
1226930
1226989
1227009
1227088
1227152
1227160
1227166
1227227
1227244
1227321
1227463
1227469
1227473
1227585
1227630
1227666
1227726
1227730
1227743
1227758
1227797
1227867
1227963
1228002
1228041
1228069
1228099
1228108
1228115
1228180
1228205
1228260
1228263
1228270
1228288
1228412
1228492
1228558
1228570
1228658
1228723
1228733
1228777
1228916
1228930
1228941
1228990
1229023
1229089
1229167
1229204
1229486
1229541
1229544
1229634
1229648
1229666
1229699
1229703
1229781
1229879
1229939
1229975
1230032
1230072
1230077
1230089
1230102
1230125
1230198
1230200
1230211
1230224
1230238
1230258
1230281
1230327
1230340
1230358
1230408
1230450
1230458
1230459
1230517
1230577
1230597
1230617
1230634
1230661
1230680
1230702
1230764
1230772
1230794
1230877
1230902
1230962
1230998
1231033
1231089
1231109
1231125
1231132
1231137
1231139
1231200
1231228
1231242
1231260
1231273
1231337
1231338
1231356
1231390
1231444
1231454
1231510
1231610
1231695
1231696
1231706
1231732
1231736
1231865
1231879
1231956
1231990
1231993
1232067
1232079
1232091
1232137
1232237
1232292
1232298
1232348
1232401
1232431
1232609
1232642
1232648
1232678
1232771
1232838
1232925
1232956
1232963
1232964
1232970
1233002
1233006
1233047
1233144
1233174
1233226
1233229
1233289
1233329
1233366
1233383
1233384
1233443
1233573
1233580
1233672
1233700
1233717
1233822
1233917
1233977
1233984
1234004
1234012
1234095
1234118
1234236
1234257
1234274
1234345
1234348
1234351
1234359
1234415
1234504
1234508
1234511
1234556
1234563
1234782
1234786
1234788
1234793
1234843
1234867
1234934
1234965
1235104
1235108
1235134
1235142
1235162
1235283
1235335
1235360
1235361
1235364
1235397
1235471
1235483
1235515
1235518
1235548
1235550
1235589
1235593
1235605
1235667
1235669
1235686
1235695
1235709
1235745
1235826
1235836
1235884
1235969
1235992
1236037
1236038
1236091
1236102
1236132
1236223
1236256
1236295
1236352
1236469
1236533
1236534
1236548
1236633
1236656
1236666
1236753
1236759
1236798
1236820
1236852
1236861
1236901
1236922
1236926
1236941
1237049
1237064
1237067
1237069
1237107
1237171
1237212
1237333
1237342
1237436
1237475
1237490
1237506
1237537
1237552
1237589
1237613
1237642
1237648
1237678
1237688
1237732
1237806
1237812
1237825
1237860
1237891
1237926
1237942
1237990
1238016
1238019
1238025
1238078
1238102
1238120
1238145
1238255
1238292
1238300
1238301
1238321
1238407
1238435
1238437
1238461
1238478
1238566
1238582
1238598
1238608
1238669
1238672
1238727
1238803
1238804
1238894
1238899
1238971
1239009
1239023
1239035
1239048
1239105
1239275
1239281
1239288
1239400
1239434
1239467
1239496
1239607
1239626
1239644
1239678
1239721
1239732
1239755
1239757
1239810
1239844
1239867
1239886
1239905
1239913
1239939
1240000
1240011
1240268
1240332
1240499
1240584
1240601
1240613
1240715
1240865
1240954
1240966
1241033
1241049
1241091
1241107
1241189
1241195
1241238
1241343
1241351
1241369
1241402
1241403
1241440
1241455
1241484
1241565
1241571
1241582
1241605
1241642
1241691
1241802
1241838
1242018
1242235
1242238
1242293
1242462
1242514
1242651
1242762
1242788
1242824
1242857
1242889
1242961
1242983
1242984
1243064
1243098
1243132
1243197
1243291
1243315
1243338
1243343
1243360
1243362
1243387
1243399
1243439
1243464
1243532
1243540
1243581
1243657
1243753
1243758
1243816
1243818
1243833
1243889
1243895
1243899
1243914
1244031
1244053
1244057
1244064
1244138
1244146
1244163
1244277
1244317
1244357
1244377
1244392
1244409
1244458
1244461
1244481
1244495
1244548
1244581
1244628
1244636
1244692
1244749
1244750
1244766
1244793
1244804
1244842
1244859
1244863
1244958
1244964
1245043
1245085
1245118
1245180
1245271
1245301
1245364
1245377
1245409
1245451
1245482
1245497
1245529
1245636
1245673
1245725
1245732
1245776
1245832
1245843
1245913
1245981
1246032
1246118
1246146
1246153
1246213
1246252
1246320
1246389
1246466
1246530
1246650
1246693
1246703
1246723
1246749
1246756
1246817
1246821
1246856
1246948
1247169
1247237
1247258
1247268
1247315
1247413
1247418
1247460
1247489
1247520
1247544
1247546
1247556
1247614
1247616
1247648
1247653
1247694
1247765
1247793
1247862
1247913
1247940
1247949
1247986
1248032
1248061
1248140
1248160
1248170
1248274
1248317
1248331
1248395
1248444
1248528
1248549
1248568
1248583
1248667
1248711
1248751
1248815
1248829
1248849
1248897
1248908
1248985
1248989
1249023
1249111
1249205
1249255
1249294
1249353
1249400
1249423
1249597
1249627
1249660
1249710
1249777
1249816
1249845
1249862
1249922
1249957
1249973
1250013
1250017
1250052
1250084
1250126
1250192
1250205
1250274
1250278
1250339
1250357
1250450
1250453
1250509
1250543
1250693
1250826
1250905
1250907
1251036
1251067
1251082
1251094
1251137
1251215
1251227
1251267
1251275
1251293
1251390
1251396
1251484
1251493
1251534
1251539
1251546
1251566
1251637
1251639
1251654
1251666
1251671
1251758
1251777
1251783
1251818
1251902
1251910
1251936
1251937
1251946
1251973
1251998
1252002
1252004
1252037
1252048
1252061
1252094
1252119
1252122
1252140
1252152
1252154
1252159
1252220
1252235
1252243
1252256
1252277
1252279
1252280
1252313
1252322
1252348
1252360
1252372
1252392
1252397
1252441
1252536
1252546
1252572
1252604
1252613
1252639
1252683
1252772
1252786
1252802
1252806
1252869
1252932
1252942
1252961
1252998
1253016
1253029
1253145
1253179
1253180
1253209
1253224
1253275
1253278
1253296
1253297
1253337
1253342
1253345
1253356
1253416
1253529
1253561
1253585
1253638
1253658
1253659
1253716
1253718
1253734
1253763
1253794
1253805
1253825
1253847
1253873
1253886
1253892
1253907
1253908
1253922
1253941
1253988
1253999
1254001
1254005
1254017
1254056
1254161
1254180
1254181
1254188
1254229
1254230
1254237
1254415
1254449
1254463
1254466
1254478
1254479
1254485
1254498
1254535
1254547
1254561
1254579
1254641
1254650
1254655
1254668
1254706
1254759
1254782
1254812
1254820
1254851
1254876
1254882
1254889
1254895
1254902
1254923
1254939
1254965
1254973
1254977
1254997
1255012
1255015
1255022
1255064
1255071
1255099
1255170
1255190
1255253
1255323
1255331
1255338
1255344
1255368
1255379
1255388
1255418
1255422
1255430
1255454
1255463
1255500
1255503
1255504
1255520
1255541
1255605
1255630
1255698
1255731
1255774
1255829
1255836
1255837
1255881
1255934
1255937
1255989
1255993
1256034
1256044
1256131
1256133
1256217
1256256
1256258
1256269
1256278
1256309
1256335
1256336
1256354
1256386
1256389
1256414
1256419
1256423
1256427
1256433
1256485
1256555
1256572
1256592
1256675
1256683
1256734
1256751
1256759
1256764
1256815
1256833
1256855
1256864
1256865
1256964
1257001
1257011
1257016
1257023
1257121
1257138
1257170
1257179
1257181
1257213
1257220
1257222
1257272
1257324
1257332
1257334
1257369
1257436
1257443
1257447
1257492
1257497
1257542
1257584
1257610
1257645
1257801
1257805
1257861
1257892
1257908
1257950
1258007
1258008
1258160
1258169
1258231
1258244
1258278
1258298
1258327
1258343
1258365
1258406
1258421
1258432
1258460
1258462
1258466
1258500
1258522
1258525
1258549
1258582
1258602
1258616
1258635
1258638
1258644
1258678
1258685
1258721
1258733
1258740
1258786
1258824
1258830
1258857
1258861
1258863
1258876
1258915
1258925
1258932
1258950
1258987
1259004
1259022
1259037
1259044
1259060
1259164
1259182
1259195
1259210
1259218
1259223
1259366
1259397
1259448
1259452
1259493
1259526
1259539
1259605
1259629
1259644
1259662
1259663
1259784
1259799
1259882
1259903
1259922
1259925
1259940
1259950
1259954
1259960
1259972
1260082
1260124
1260155
1260159
1260233
1260262
1260284
1260311
1260314
1260437
1260439
1260450
1260452
1260506
1260518
1260534
1260542
1260597
1260600
1260631
1260647
1260690
1260691
1260718
1260724
1260725
1260739
1260772
1260795
1260802
1260833
1260864
1260896
1260898
1260928
1260941
1260948
1260972
1260976
1260980
1260995
1261002
1261011
1261013
1261019
1261064
1261125
1261136
1261213
1261273
1261287
1261296
1261320
1261340
1261405
1261409
1261412
1261436
1261495
1261500
1261502
1261557
1261567
1261597
1261605
1261628
1261632
1261644
1261649
1261674
1261703
1261708
1261713
1261726
1261744
1261783
1261788
1261793
1261802
1261807
1261823
1261825
1261877
1261889
1261891
1261919
1261962
1262035
1262083
1262085
1262114
1262118
1262160
1262185
1262197
1262202
1262223
1262264
1262274
1262275
1262290
1262318
1262321
1262350
1262415
1262419
1262446
1262490
1262525
1262551
1262592
1262617
1262630
1262653
1262689
1262695
1262701
1262729
1262738
1262767
1262770
1262780
1262787
1262803
1262810
1262824
1262837
1262905
1262927
1263055
1263065
1263075
1263096
1263109
1263114
1263222
1263246
1263334
1263343
1263350
1263374
1263392
1263424
1263430
1263450
1263461
1263467
1263492
1263536
1263540
1263599
1263627
1263694
1263738
1263769
1263784
1263807
1263866
1263901
1263936
1263944
1263995
1263996
1264031
1264067
1264068
1264097
1264110
1264124
1264126
1264142
1264149
1264187
1264217
1264237
1264283
1264285
1264308
1264318
1264321
1264362
1264437
1264482
1264487
1264488
1264511
1264597
1264716
1264725
1264774
1264776
1264778
1264804
1264841
1264877
1264879
1264889
1264975
1264978
1265020
1265082
1265106
1265203
1265209
1265226
1265282
1265293
1265331
1265378
1265386
1265391
1265411
1265415
1265452
1265479
1265484
1265500
1265504
1265581
1265601
1265622
1265636
1265666
1265681
1265703
1265708
1265731
1265734
1265756
1265774
1265776
1265792
1265817
1265829
1265830
1265903
1265914
1265957
1265964
1265996
1266052
1266073
1266076
1266078
1266090
1266170
1266201
1266210
1266280
1266282
1266291
1266330
1266378
1266408
1266428
1266475
1266476
1266478
1266480
1266493
1266495
1266500
1266507
1266532
1266534
1266543
1266544
1266547
1266554
1266627
1266632
1266650
1266708
1266745
1266805
1266837
1266849
1266906
1266915
1266995
1267014
1267038
1267039
1267132
1267181
1267189
1267190
1267246
1267253
1267271
1267279
1267326
1267375
1267377
1267420
1267429
1267444
1267452
1267492
1267516
1267525
1267607
1267632
1267643
1267689
1267726
1267743
1267751
1267770
1267785
1267787
1267800
1267804
1267814
1267817
1267847
1267848
1267896
1267899
1267992
1268024
1268034
1268071
1268073
1268079
1268080
1268081
1268090
1268091
1268154
1268155
1268169
1268174
1268206
1268224
1268266
1268273
1268301
1268328
1268341
1268342
1268346
1268383
1268404
1268470
1268492
1268559
1268594
1268600
1268641
1268648
1268650
1268667
1268669
1268701
1268709
1268716
1268719
1268731
1268738
1268752
1268758
1268794
1268801
1268805
1268823
1268835
1268848
1268868
1268911
1268914
1268915
1268917
1268970
1269003
1269026
1269069
1269074
1269085
1269093
1269115
1269119
1269130
1269136
1269137
1269143
1269157
1269168
1269209
1269248
1269256
1269257
1269270
1269301
1269338
1269349
1269351
1269352
1269361
1269378
1269390
1269402
1269426
1269464
1269471
1269496
1269513
1269523
1269541
1269544
1269562
1269573
1269582
1269588
1269652
1269672
1269687
1269719
1269740
1269767
1269790
1269852
1269886
1269894
1269918
1269957
1270002
1270021
1270032
1270036
1270063
1270117
1270128
1270130
1270146
1270194
1270209
1270247
1270249
1270382
1270416
1270420
1270430
1270444
1270477
1270506
1270532
1270549
1270550
1270601
1270625
1270647
1270651
1270657
1270727
1270762
1270774
1270854
1270856
1270858
1270881
1270914
1270926
1270941
1270956
1270992
1271037
1271045
1271061
1271070
1271082
1271099
1271126
1271138
1271145
1271179
1271188
1271241
1271251
1271255
1271265
1271286
1271315
1271337
1271355
1271361
1271364
1271375
1271392
1271394
1271414
1271416
1271431
1271449
1271461
1271469
1271482
1271483
1271491
1271520
1271543
1271567
1271589
1271591
1271602
1271612
1271617
1271623
1271625
1271642
1271688
1271725
1271737
1271828
1271838
1271840
1271954
1271962
1271976
1271986
1272042
1272094
1272117
1272121
1272137
1272138
1272202
1272210
1272216
1272224
1272228
1272251
1272259
1272294
1272301
1272309
1272310
1272327
1272345
1272400
1272455
1272538
1272600
1272605
1272615
1272645
1272691
1272710
1272724
1272748
1272771
1272778
1272779
1272789
1272798
1272799
1272810
1272812
1272813
1272818
1272840
1272845
1272847
1272853
1272867
1272903
1272933
1272937
1272963
1273005
1273023
1273039
1273062
1273068
1273088
1273131
1273133
1273138
1273140
1273192
1273200
1273238
1273239
1273300
1273314
1273337
1273373
1273409
1273445
1273478
1273498
1273500
1273504
1273521
1273526
1273540
1273586
1273596
1273620
1273628
1273656
1273693
1273702
1273708
1273729
1273736
1273778
1273789
1273801
1273804
1273814
1273871
1273895
1273898
1273911
1273927
1273941
1273955
1273976
1273999
1274001
1274042
1274080
1274115
1274139
1274146
1274194
1274212
1274228
1274247
1274265
1274266
1274271
1274284
1274313
1274382
1274414
1274493
1274513
1274524
1274546
1274562
1274600
1274605
1274622
1274668
1274673
1274697
1274699
1274716
1274726
1274737
1274738
1274746
1274750
1274761
1274774
1274796
1274798
1274827
1274839
1274871
1274887
1274929
1274954
1275000
1275029
1275054
1275055
1275090
1275091
1275113
1275136
1275144
1275151
1275159
1275192
1275197
1275199
1275201
1275210
1275225
1275226
1275229
1275230
1275245
1275253
1275291
1275299
1275310
1275312
1275329
1275367
1275368
1275408
1275439
1275466
1275468
1275584
1275594
1275609
1275628
1275641
1275675
1275680
1275695
1275716
1275717
1275722
1275820
1275825
1275864
1275885
1275898
1275930
1275966
1275973
1275982
1275996
1276014
1276119
1276142
1276144
1276147
1276150
1276152
1276221
1276256
1276259
1276286
1276326
1276340
1276400
1276407
1276410
1276474
1276481
1276540
1276587
1276603
1276624
1276632
1276654
1276658
1276713
1276777
1276784
1276794
1276795
1276806
1276810
1276819
1276828
1276890
1276909
1276928
1276935
1276936
1276938
1277029
1277077
1277091
1277101
1277251
1277346
1277461
1277469
1277517
1277582
1277585
1277587
1277635
1277636
1277640
1277646
1277664
1277676
1277682
1277683
1277869
1277884
1277908
1277910
1277925
1277959
1277961
1277975
1277984
1277996
1278014
1278020
1278027
1278074
1278100
1278112
1278157
1278205
1278206
1278210
1278214
1278241
1278244
1278252
1278253
1278267
1278272
1278282
1278306
1278322
1278340
1278355
1278365
1278381
1278382
1278428
1278460
1278483
1278508
1278537
1278565
1278572
1278574
1278577
1278587
1278619
1278628
1278646
1278660
1278677
1278695
1278711
1278743
1278778
1278781
1278830
1278843
1278844
1278860
1278862
1278908
1278932
1278935
1278960
1278983
1279003
1279013
1279015
1279084
1279085
1279116
1279135
1279152
1279172
1279263
1279288
1279289
1279309
1279325
1279343
1279352
1279358
1279363
1279377
1279424
1279429
1279432
1279433
1279459
1279473
1279474
1279493
1279495
1279521
1279527
1279576
1279578
1279593
1279639
1279647
1279759
1279762
1279771
1279811
1279813
1279819
1279864
1279899
1279957
1279974
1279991
1280001
1280024
1280056
1280083
1280102
1280132
1280137
1280184
1280207
1280249
1280250
1280264
1280288
1280307
1280316
1280342
1280396
1280405
1280452
1280479
1280514
1280519
1280577
1280633
1280646
1280674
1280686
1280693
1280729
1280739
1280746
1280852
1280854
1280861
1280865
1280866
1280868
1280897
1280926
1280946
1280948
1280982
1281036
1281061
1281069
1281132
1281136
1281143
1281147
1281151
1281181
1281187
1281226
1281233
1281251
1281263
1281267
1281281
1281304
1281308
1281320
1281327
1281359
1281366
1281380
1281411
1281447
1281456
1281469
1281493
1281504
1281613
1281645
1281655
1281663
1281681
1281683
1281719
1281828
1281885
1281892
1281925
1281942
1281952
1281965
1281985
1281993
1282035
1282072
1282083
1282112
1282120
1282178
1282187
1282205
1282247
1282252
1282274
1282276
1282284
1282305
1282326
1282345
1282360
1282372
1282417
1282418
1282428
1282431
1282471
1282480
1282485
1282491
1282495
1282522
1282531
1282536
1282588
1282764
1282779
1282825
1282828
1282849
1282898
1282915
1282947
1282952
1282967
1283047
1283071
1283083
1283097
1283121
1283144
1283180
1283197
1283245
1283253
1283278
1283281
1283291
1283296
1283338
1283349
1283355
1283378
1283390
1283410
1283414
1283421
1283437
1283453
1283458
1283477
1283522
1283591
1283603
1283615
1283618
1283636
1283637
1283684
1283687
1283720
1283757
1283777
1283779
1283803
1283847
1283851
1283884
1283894
1283910
1283912
1284016
1284018
1284083
1284110
1284149
1284198
1284217
1284254
1284289
1284366
1284413
1284453
1284456
1284465
1284548
1284572
1284611
1284635
1284661
1284740
1284752
1284771
1284777
1284778
1284785
1284799
1284834
1284870
1284875
1284889
1284893
1284904
1284943
1284944
1284967
1284970
1284974
1284979
1284997
1285009
1285013
1285043
1285045
1285049
1285052
1285072
1285104
1285111
1285150
1285177
1285190
1285237
1285242
1285260
1285263
1285264
1285267
1285299
1285354
1285376
1285378
1285427
1285433
1285440
1285444
1285448
1285466
1285482
1285499
1285507
1285526
1285527
1285547
1285581
1285582
1285584
1285626
1285628
1285654
1285679
1285805
1285847
1285858
1285859
1285861
1285873
1285897
1285928
1285976
1286006
1286021
1286026
1286054
1286074
1286077
1286092
1286098
1286099
1286107
1286129
1286213
1286218
1286259
1286293
1286295
1286310
1286337
1286358
1286374
1286385
1286392
1286408
1286421
1286435
1286516
1286598
1286666
1286693
1286721
1286741
1286804
1286817
1286818
1286850
1286852
1286876
1286878
1286922
1286990
1287013
1287028
1287040
1287053
1287062
1287079
1287082
1287102
1287104
1287115
1287142
1287157
1287179
1287184
1287204
1287210
1287215
1287217
1287242
1287258
1287283
1287299
1287300
1287316
1287351
1287379
1287512
1287555
1287708
1287751
1287790
1287795
1287828
1287838
1287895
1287907
1287934
1287955
1287971
1287991
1288004
1288048
1288132
1288295
1288346
1288432
1288437
1288453
1288503
1288597
1288605
1288682
1288704
1288710
1288712
1288724
1288867
1288885
1288944
1288993
1289005
1289031
1289101
1289117
1289178
1289266
1289299
1289308
1289369
1289492
1289530
1289656
1289703
1289719
1289729
1289737
1289843
1289950
1289977
1290013
1290054
1290098
1290102
1290113
1290126
1290133
1290140
1290153
1290158
1290304
1290307
1290330
1290346
1290360
1290385
1290500
1290602
1290617
1290646
1290706
1290751
1290768
1290811
1290816
1290845
1290926
1290995
1291027
1291185
1291204
1291284
1291292
1291341
1291370
1291459
1291484
1291506
1291547
1291549
1291550
1291573
1291579
1291583
1291669
1291729
1291948
1291983
1292015
1292085
1292146
1292172
1292239
1292309
1292328
1292376
1292395
1292400
1292427
1292443
1292513
1292516
1292654
1292886
1292916
1292930
1293115
1293172
1293262
1293291
1293418
1293453
1293493
1293551
1293592
1293625
1293667
1293723
1293737
1293749
1293755
1293776
1293780
1293807
1293839
1293840
1293893
1293990
1294010
1294029
1294048
1294110
1294162
1294164
1294172
1294177
1294194
1294267
1294437
1294479
1294503
1294513
1294566
1294619
1294643
1294679
1294940
1294953
1295078
1295157
1295247
1295292
1295333
1295357
1295373
1295422
1295433
1295444
1295450
1295467
1295557
1295727
1295792
1295812
1295828
1295841
1295871
1295909
1295910
1296004
1296038
1296077
1296113
1296281
1296322
1296416
1296525
1296533
1296566
1296575
1296592
1296596
1296744
1296806
1296856
1296863
1296878
1296942
1297050
1297078
1297210
1297267
1297330
1297345
1297373
1297410
1297518
1297524
1297588
1297602
1297604
1297611
1297632
1297644
1297689
1297744
1297812
1297873
1297879
1297880
1297920
1297939
1297948
1297954
1297998
1298019
1298053
1298184
1298187
1298319
1298476
1298518
1298528
1298544
1298550
1298554
1298560
1298562
1298581
1298621
1298643
1298694
1298746
1298759
1298918
1298974
1298979
1299101
1299124
1299157
1299229
1299246
1299268
1299301
1299355
1299357
1299388
1299443
1299498
1299528
1299535
1299573
1299656
1299790
1299816
1299874
1299985
1300090
1300167
1300194
1300248
1300302
1300344
1300345
1300412
1300474
1300486
1300548
1300588
1300613
1300644
1300704
1300798
1300817
1301041
1301075
1301093
1301113
1301115
1301134
1301136
1301196
1301255
1301269
1301305
1301334
1301354
1301377
1301481
1301487
1301488
1301517
1301536
1301557
1301605
1301635
1301678
1301774
1301790
1301835
1301885
1301898
1301916
1301979
1302035
1302044
1302091
1302121
1302124
1302300
1302306
1302311
1302323
1302398
1302419
1302551
1302577
1302621
1302636
1302805
1302898
1302961
1302968
1302992
1303087
1303115
1303164
1303300
1303310
1303313
1303315
1303505
1303510
1303570
1303583
1303589
1303600
1303607
1303657
1303677
1303712
1303926
1304013
1304047
1304071
1304119
1304132
1304185
1304207
1304267
1304366
1304394
1304419
1304432
1304493
1304508
1304513
1304614
1304790
1304791
1304827
1304928
1304935
1304992
1305037
1305042
1305095
1305101
1305127
1305130
1305152
1305194
1305282
1305317
1305341
1305356
1305367
1305445
1305552
1305616
1305701
1305752
1305822
1305859
1305863
1305934
1305976
1305996
1306142
1306221
1306378
1306390
1306395
1306413
1306507
1306546
1306643
1306654
1306684
1306697
1306850
1306900
1306985
1307054
1307122
1307130
1307154
1307208
1307219
1307323
1307365
1307375
1307388
1307403
1307413
1307433
1307485
1307488
1307529
1307559
1307590
1307595
1307614
1307643
1307685
1307773
1307825
1307841
1307875
1307909
1307922
1307989
1308059
1308082
1308091
1308102
1308111
1308122
1308194
1308207
1308212
1308254
1308302
1308331
1308514
1308524
1308538
1308562
1308604
1308661
1308949
1309147
1309156
1309261
1309318
1309323
1309354
1309419
1309462
1309502
1309536
1309551
1309716
1309732
1309763
1309769
1309837
1309881
1309927
1310005
1310026
1310059
1310232
1310261
1310288
1310360
1310396
1310413
1310544
1310617
1310646
1310709
1310736
1310759
1310995
1311004
1311056
1311081
1311092
1311103
1311181
1311196
1311204
1311217
1311235
1311273
1311297
1311546
1311573
1311574
1311628
1311707
1311789
1311895
1311907
1311921
1312124
1312130
1312135
1312188
1312221
1312280
1312328
1312345
1312397
1312432
1312434
1312455
1312465
1312586
1312606
1312612
1312620
1312643
1312661
1312669
1312695
1312711
1312712
1312741
1312827
1312834
1312896
1313017
1313243
1313247
1313305
1313309
1313328
1313393
1313422
1313438
1313472
1313562
1313563
1313629
1313683
1313824
1313841
1313854
1313945
1313962
1313975
1313992
1314018
1314095
1314290
1314346
1314385
1314517
1314522
1314564
1314572
1314678
1314704
1314716
1314755
1314771
1314774
1314891
1314966
1315054
1315099
1315121
1315161
1315164
1315282
1315295
1315296
1315305
1315323
1315342
1315379
1315387
1315398
1315409
1315445
1315470
1315490
1315500
1315671
1315674
1315700
1315777
1315779
1315873
1315957
1315964
1315995
1316010
1316020
1316054
1316108
1316130
1316134
1316303
1316349
1316363
1316392
1316428
1316459
1316494
1316520
1316531
1316587
1316652
1316675
1316689
1316849
1316874
1316899
1316955
1317053
1317167
1317200
1317353
1317357
1317364
1317415
1317425
1317697
1317900
1317951
1317956
1318031
1318040
1318417
1318418
1318428
1318443
1318500
1318526
1318626
1318688
1318728
1318795
1318820
1318895
1318912
1318951
1318969
1318972
1318981
1319013
1319109
1319117
1319120
1319154
1319164
1319178
1319215
1319308
1319323
1319336
1319351
1319369
1319412
1319418
1319484
1319575
1319589
1319640
1319730
1319760
1319788
1319850
1319877
1319894
1319895
1319901
1319934
1319939
1319990
1320002
1320058
1320082
1320089
1320103
1320183
1320189
1320190
1320309
1320327
1320332
1320339
1320343
1320352
1320353
1320447
1320474
1320493
1320504
1320590
1320769
1320773
1320787
1320788
1320844
1320861
1320881
1320928
1320929
1320967
1321008
1321010
1321015
1321079
1321094
1321153
1321161
1321174
1321177
1321200
1321202
1321210
1321213
1321239
1321296
1321304
1321322
1321370
1321399
1321466
1321480
1321520
1321539
1321609
1321613
1321618
1321650
1321656
1321658
1321731
1321759
1321770
1321773
1321774
1321858
1321868
1321885
1321926
1321990
1322046
1322053
1322054
1322086
1322089
1322134
1322150
1322151
1322198
1322214
1322221
1322235
1322293
1322357
1322394
1322401
1322466
1322498
1322511
1322533
1322600
1322606
1322627
1322657
1322688
1322700
1322758
1322783
1322929
1323006
1323008
1323019
1323074
1323098
1323100
1323127
1323141
1323142
1323144
1323206
1323238
1323266
1323267
1323348
1323352
1323366
1323496
1323504
1323527
1323570
1323630
1323632
1323654
1323657
1323744
1323752
1323770
1323772
1323779
1323804
1323810
1323811
1323878
1324023
1324028
1324030
1324055
1324066
1324105
1324123
1324140
1324200
1324309
1324332
1324360
1324390
1324420
1324462
1324480
1324493
1324503
1324504
1324518
1324532
1324538
1324548
1324765
1324774
1324780
1324798
1324852
1324864
1324921
1324975
1325010
1325046
1325209
1325385
1325412
1325438
1325479
1325516
1325562
1325595
1325654
1325659
1325751
1325796
1325896
1326001
1326033
1326096
1326101
1326274
1326333
1326392
1326440
1326452
1326545
1326557
1326694
1326698
1326719
1326725
1326740
1326743
1326909
1326934
1327053
1327158
1327191
1327213
1327219
1327250
1327353
1327387
1327393
1327431
1327446
1327484
1327571
1327598
1327856
1327862
1327897
1327905
1328009
1328044
1328048
1328141
1328152
1328171
1328381
1328389
1328454
1328457
1328472
1328475
1328503
1328614
1328681
1328852
1329035
1329036
1329102
1329119
1329132
1329200
1329262
1329285
1329364
1329387
1329394
1329429
1329471
1329830
1329879
1329946
1329970
1330019
1330029
1330123
1330208
1330237
1330254
1330557
1330669
1330693
1330714
1330727
1330771
1330817
1330820
1330846
1330864
1330906
1330929
1330938
1330996
1331018
1331113
1331132
1331135
1331187
1331221
1331236
1331239
1331240
1331249
1331255
1331271
1331301
1331367
1331382
1331471
1331489
1331498
1331514
1331568
1331627
1331664
1331752
1331756
1331763
1331790
1331842
1332075
1332235
1332245
1332289
1332298
1332376
1332491
1332492
1332609
1332660
1332728
1332759
1332764
1332805
1332838
1332896
1332930
1332947
1332977
1333058
1333076
1333077
1333091
1333115
1333152
1333155
1333215
1333242
1333259
1333260
1333343
1333560
1333566
1333642
1333667
1333718
1333789
1333801
1333821
1333825
1334005
1334089
1334174
1334393
1334475
1334501
1334506
1334695
1334946
1335085
1335092
1335151
1335266
1335387
1335451
1335489
1335534
1335778
1335964
1336017
1336038
1336096
1336185
1336369
1336462
1336761
1336782
1337031
1337084
1337195
1337221
1337262
1337272
1337405
1337434
1337441
1337680
1337739
1337765
1337863
1337880
1338068
1338128
1338255
1338298
1338393
1338404
1338407
1338468
1338592
1338601
1338605
1338621
1338694
1338738
1338847
1338872
1338934
1338968
1338981
1339132
1339231
1339251
1339380
1339549
1339585
1339595
1339658
1339712
1339732
1339788
1339993
1340110
1340162
1340212
1340269
1340315
1340460
1340570
1340618
1340642
1340813
1340830
1340834
1340836
1340888
1340998
1341196
1341240
1341274
1341470
1341479
1341506
1341511
1341525
1341678
1341694
1341713
1341751
1341948
1342006
1342013
1342080
1342135
1342159
1342232
1342520
1342531
1342855
1343016
1343092
1343206
1343221
1343226
1343433
1343434
1343482
1343596
1343666
1343674
1343683
1343720
1343733
1343900
1343989
1344178
1344202
1344211
1344251
1344286
1344464
1344473
1344542
1344573
1344639
1344836
1344896
1345005
1345056
1345207
1345241
1345258
1345287
1345289
1345295
1345395
1345413
1345512
1345518
1345528
1345561
1345603
1345624
1345728
1345745
1345784
1345802
1345879
1345880
1345919
1345993
1346079
1346082
1346115
1346144
1346147
1346169
1346228
1346274
1346284
1346314
1346375
1346376
1346411
1346429
1346438
1346521
1346679
1346704
1346759
1346844
1346851
1346920
1346927
1346964
1346986
1347030
1347093
1347096
1347175
1347195
1347332
1347432
1347438
1347569
1347593
1347681
1347836
1348004
1348040
1348103
1348104
1348108
1348162
1348261
1348278
1348284
1348328
1348343
1348370
1348384
1348427
1348436
1348469
1348473
1348476
1348536
1348540
1348545
1348591
1348607
1348613
1348618
1348744
1348816
1348927
1348956
1348966
1348982
1349189
1349191
1349308
1349313
1349332
1349351
1349407
1349412
1349459
1349552
1349625
1349641
1349661
1349694
1349712
1349731
1349809
1349820
1349821
1349915
1349941
1349965
1349987
1349998
1350039
1350059
1350097
1350101
1350135
1350140
1350154
1350155
1350194
1350195
1350256
1350260
1350308
1350320
1350366
1350402
1350415
1350430
1350442
1350478
1350487
1350564
1350570
1350609
1350618
1350640
1350761
1350815
1350846
1350856
1350870
1350882
1350894
1350925
1350935
1350957
1350963
1350966
1351036
1351059
1351084
1351094
1351121
1351148
1351157
1351195
1351303
1351318
1351338
1351368
1351396
1351419
1351538
1351707
1351741
1351755
1351850
1351919
1351972
1351989
1352031
1352035
1352050
1352062
1352067
1352103
1352146
1352160
1352316
1352334
1352362
1352369
1352395
1352527
1352546
1352583
1352627
1352641
1352648
1352676
1352680
1352689
1352708
1352787
1352814
1352851
1352929
1353008
1353070
1353100
1353163
1353166
1353196
1353204
1353289
1353294
1353350
1353366
1353376
1353434
1353446
1353511
1353552
1353566
1353627
1353673
1353855
1353878
1353907
1354065
1354089
1354133
1354194
1354301
1354355
1354387
1354439
1354473
1354477
1354489
1354506
1354562
1354573
1354631
1354639
1354669
1354734
1354815
1354865
1354867
1354906
1354944
1354957
1354959
1354973
1355000
1355021
1355047
1355125
1355136
1355183
1355185
1355211
1355220
1355251
1355254
1355334
1355345
1355362
1355417
1355492
1355563
1355640
1355655
1355674
1355706
1355742
1355775
1355872
1355875
1355948
1355952
1355966
1355973
1355985
1356006
1356038
1356175
1356187
1356263
1356369
1356405
1356467
1356507
1356525
1356535
1356573
1356587
1356610
1356631
1356642
1356741
1356820
1356901
1356941
1356967
1357142
1357184
1357199
1357207
1357245
1357253
1357348
1357381
1357385
1357448
1357558
1357566
1357599
1357629
1357882
1357953
1357992
1358013
1358087
1358229
1358239
1358244
1358253
1358268
1358502
1358519
1358621
1358646
1358668
1358685
1358712
1358767
1358873
1358966
1359077
1359160
1359165
1359288
1359333
1359339
1359342
1359354
1359428
1359486
1359493
1359513
1359531
1359568
1359586
1359605
1359750
1359926
1360015
1360041
1360095
1360242
1360259
1360365
1360400
1360468
1360651
1360719
1360766
1360771
1360811
1360952
1360967
1360970
1360996
1361025
1361063
1361088
1361096
1361219
1361231
1361294
1361329
1361409
1361559
1361571
1361614
1361668
1361961
1361999
1362006
1362076
1362082
1362096
1362128
1362165
1362273
1362320
1362322
1362489
1362493
1362616
1362667
1362828
1363002
1363039
1363111
1363295
1363360
1363366
1363418
1363468
1363475
1363490
1363543
1363806
1363970
1363983
1364089
1364101
1364215
1364224
1364346
1364409
1364439
1364495
1364549
1364557
1364679
1364717
1364770
1364787
1364872
1364922
1364934
1364981
1365061
1365085
1365114
1365140
1365383
1365415
1365436
1365481
1365485
1365497
1365533
1365636
1365838
1366027
1366038
1366055
1366060
1366110
1366175
1366201
1366384
1366406
1366530
1366547
1366553
1366589
1366622
1366721
1366734
1366795
1366817
1366890
1366901
1366940
1367023
1367118
1367120
1367129
1367250
1367255
1367358
1367377
1367414
1367473
1367484
1367524
1367558
1367640
1367723
1367739
1367870
1367894
1367970
1367992
1368031
1368045
1368055
1368058
1368098
1368115
1368126
1368162
1368190
1368307
1368530
1368574
1368634
1368675
1368691
1368747
1368861
1368910
1368983
1369083
1369097
1369098
1369172
1369188
1369226
1369333
1369505
1369511
1369516
1369527
1369641
1369671
1369741
1369764
1369800
1369848
1369958
1369991
1370088
1370135
1370193
1370257
1370419
1370477
1370541
1370578
1370603
1370609
1370627
1370697
1370707
1370734
1370741
1370747
1370815
1370821
1370944
1370990
1371035
1371070
1371077
1371085
1371150
1371283
1371325
1371328
1371335
1371453
1371478
1371609
1371783
1371881
1371965
1371981
1372034
1372061
1372114
1372126
1372139
1372210
1372510
1372730
1372731
1372773
1372978
1373054
1373129
1373322
1373405
1373531
1373593
1373604
1373610
1373643
1373766
1373802
1373806
1373856
1373892
1373921
1373932
1374003
1374064
1374100
1374138
1374161
1374201
1374243
1374282
1374337
1374364
1374510
1374796
1374880
1374881
1374896
1374920
1374936
1375027
1375050
1375166
1375267
1375387
1375413
1375464
1375472
1375488
1375507
1375526
1375533
1375545
1375666
1375808
1375815
1376011
1376067
1376157
1376195
1376229
1376316
1376322
1376456
1376458
1376465
1376493
1376516
1376556
1376577
1376727
1376733
1376764
1376925
1376976
1377098
1377339
1377393
1377469
1377542
1377638
1377639
1377654
1377716
1377765
1377783
1377844
1377920
1377971
1377977
1377988
1378001
1378222
1378261
1378268
1378453
1378474
1378522
1378576
1378612
1378622
1378626
1378870
1378899
1378901
1378995
1379052
1379236
1379302
1379487
1379546
1379589
1379612
1379621
1379760
1379800
1379827
1379879
1379958
1380110
1380225
1380494
1380502
1380567
1380618
1380655
1380664
1380673
1380771
1380812
1380853
1380946
1380986
1381002
1381005
1381097
1381131
1381179
1381220
1381225
1381254
1381312
1381315
1381358
1381403
1381506
1381551
1381626
1381645
1381656
1381668
1381678
1381711
1381760
1381763
1381767
1381842
1381864
1381989
1381993
1382104
1382114
1382200
1382214
1382250
1382268
1382363
1382425
1382552
1382644
1382718
1382725
1382733
1382772
1382854
1382956
1383099
1383140
1383398
1383462
1383492
1383571
1383584
1383592
1383594
1383658
1383700
1383829
1383849
1383864
1383889
1383984
1383988
1384076
1384207
1384231
1384255
1384321
1384508
1384540
1384543
1384590
1384613
1384657
1384660
1384662
1384664
1384666
1384893
1384911
1384923
1384947
1384949
1385028
1385193
1385267
1385284
1385295
1385298
1385349
1385421
1385494
1385552
1385610
1385650
1385718
1385738
1385826
1385876
1385899
1385906
1385959
1386165
1386172
1386232
1386316
1386321
1386386
1386538
1386617
1386627
1386630
1386781
1386811
1386816
1386859
1386909
1386938
1387157
1387238
1387321
1387374
1387407
1387606
1387618
1387629
1387655
1387689
1387702
1387727
1387762
1387843
1387847
1387858
1388006
1388065
1388069
1388090
1388096
1388142
1388249
1388382
1388502
1388580
1388592
1388637
1388689
1388691
1388758
1388814
1388846
1388924
1388953
1388981
1389021
1389111
1389125
1389126
1389201
1389220
1389238
1389359
1389360
1389435
1389472
1389648
1389746
1389775
1389846
1389913
1389933
1389940
1389957
1389976
1389987
1390079
1390087
1390099
1390103
1390112
1390181
1390224
1390226
1390270
1390320
1390329
1390379
1390462
1390496
1390567
1390638
1390713
1390757
1390794
1390797
1390898
1390970
1390979
1391203
1391230
1391331
1391460
1391508
1391520
1391529
1391578
1391601
1391845
1391848
1391889
1392067
1392144
1392168
1392341
1392373
1392559
1392579
1392642
1392742
1392756
1392766
1392782
1392803
1392825
1392873
1392905
1392971
1393056
1393121
1393133
1393204
1393248
1393293
1393294
1393317
1393368
1393369
1393450
1393467
1393538
1393573
1393616
1393639
1393720
1393773
1393814
1393815
1393816
1393920
1393948
1393977
1394021
1394084
1394099
1394199
1394289
1394307
1394360
1394407
1394485
1394516
1394525
1394553
1394572
1394638
1394736
1394740
1394761
1394762
1394766
1394786
1394796
1394966
1394988
1395026
1395041
1395121
1395151
1395175
1395179
1395312
1395377
1395423
1395499
1395621
1395690
1395697
1395701
1395715
1395730
1395777
1395831
1395832
1395835
1395847
1395860
1395863
1395975
1396016
1396034
1396067
1396095
1396123
1396138
1396143
1396324
1396425
1396520
1396625
1396629
1396685
1396767
1396857
1396859
1396912
1396918
1396979
1397022
1397064
1397076
1397124
1397208
1397222
1397232
1397235
1397239
1397261
1397266
1397275
1397290
1397347
1397550
1397558
1397563
1397622
1397676
1397684
1397701
1397715
1397803
1397818
1397888
1398054
1398121
1398158
1398179
1398210
1398261
1398287
1398297
1398309
1398312
1398337
1398350
1398382
1398431
1398498
1398514
1398523
1398536
1398556
1398581
1398587
1398651
1398695
1398741
1398751
1398761
1398827
1398850
1398864
1398912
1398931
1398944
1398951
1399021
1399040
1399090
1399092
1399279
1399304
1399387
1399404
1399408
1399414
1399423
1399460
1399482
1399528
1399567
1399595
1399616
1399618
1399632
1399670
1399706
1399728
1399734
1399775
1399789
1399798
1399802
1399815
1399821
1399860
1399913
1399924
1399928
1399935
1400004
1400053
1400070
1400074
1400090
1400157
1400159
1400168
1400199
1400202
1400238
1400264
1400285
1400338
1400385
1400390
1400449
1400489
1400542
1400574
1400594
1400597
1400606
1400630
1400649
1400683
1400694
1400800
1400831
1400870
1400878
1400903
1400931
1400939
1400940
1400950
1400960
1401029
1401038
1401060
1401064
1401093
1401112
1401152
1401172
1401207
1401215
1401241
1401271
1401281
1401333
1401375
1401386
1401421
1401511
1401546
1401579
1401584
1401645
1401651
1401679
1401683
1401685
1401719
1401734
1401747
1401748
1401764
1401842
1401859
1401889
1401916
1401924
1401952
1401979
1402006
1402009
1402011
1402015
1402058
1402071
1402080
1402100
1402114
1402186
1402222
1402251
1402272
1402356
1402405
1402408
1402410
1402429
1402480
1402582
1402664
1402675
1402752
1402810
1402821
1402874
1402917
1402918
1402930
1402973
1402991
1402996
1403002
1403010
1403023
1403028
1403039
1403078
1403101
1403115
1403242
1403248
1403261
1403267
1403304
1403306
1403317
1403334
1403339
1403374
1403451
1403539
1403556
1403616
1403673
1403677
1403695
1403710
1403731
1403748
1403779
1403794
1403977
1404045
1404059
1404144
1404165
1404184
1404316
1404327
1404339
1404372
1404432
1404441
1404575
1404628
1404663
1404670
1404679
1404781
1404785
1404849
1404906
1404929
1404942
1404979
1404998
1405005
1405012
1405029
1405036
1405086
1405111
1405140
1405141
1405144
1405209
1405221
1405268
1405305
1405306
1405398
1405510
1405518
1405526
1405527
1405529
1405541
1405547
1405563
1405579
1405621
1405673
1405711
1405793
1405803
1405834
1405862
1405922
1406026
1406064
1406147
1406154
1406220
1406266
1406274
1406281
1406305
1406356
1406406
1406423
1406462
1406480
1406530
1406534
1406546
1406575
1406615
1406621
1406658
1406668
1406699
1406715
1406771
1406858
1406903
1406928
1406955
1406982
1407093
1407148
1407177
1407223
1407248
1407265
1407267
1407338
1407355
1407408
1407409
1407437
1407449
1407477
1407594
1407603
1407605
1407619
1407679
1407696
1407725
1407728
1407736
1407773
1407825
1407830
1407844
1407847
1407899
1407920
1407950
1407954
1407956
1407971
1408031
1408047
1408104
1408108
1408138
1408139
1408230
1408244
1408265
1408339
1408349
1408393
1408414
1408530
1408539
1408564
1408571
1408587
1408621
1408641
1408659
1408673
1408681
1408766
1408768
1408825
1408827
1408844
1408878
1408903
1408909
1408988
1409024
1409026
1409070
1409126
1409127
1409167
1409202
1409238
1409241
1409295
1409299
1409301
1409383
1409430
1409436
1409448
1409483
1409531
1409569
1409571
1409590
1409633
1409649
1409660
1409739
1409755
1409770
1409774
1409811
1409823
1409842
1409845
1409880
1409958
1409968
1410063
1410138
1410141
1410157
1410177
1410247
1410294
1410299
1410324
1410366
1410385
1410428
1410461
1410503
1410504
1410508
1410511
1410524
1410534
1410557
1410577
1410578
1410584
1410594
1410639
1410723
1410778
1410795
1410817
1410835
1410840
1410863
1410930
1410963
1411009
1411027
1411059
1411086
1411092
1411099
1411117
1411168
1411205
1411222
1411236
1411262
1411266
1411270
1411293
1411320
1411335
1411389
1411422
1411423
1411474
1411475
1411559
1411687
1411716
1411720
1411730
1411788
1411800
1411822
1411879
1411947
1411991
1412002
1412053
1412107
1412137
1412172
1412230
1412244
1412291
1412292
1412315
1412320
1412339
1412373
1412388
1412417
1412456
1412470
1412487
1412515
1412558
1412589
1412616
1412626
1412633
1412636
1412656
1412669
1412711
1412768
1412773
1412803
1412849
1412876
1412908
1412934
1412970
1412994
1413003
1413004
1413026
1413031
1413119
1413142
1413143
1413162
1413171
1413178
1413196
1413200
1413224
1413285
1413295
1413324
1413363
1413404
1413430
1413518
1413520
1413537
1413595
1413606
1413651
1413702
1413712
1413777
1413793
1413820
1413873
1413946
1413948
1413972
1414025
1414039
1414065
1414093
1414152
1414208
1414236
1414238
1414350
1414353
1414377
1414392
1414432
1414433
1414445
1414455
1414456
1414572
1414632
1414649
1414711
1414739
1414743
1414778
1414793
1414802
1414842
1414934
1414987
1415013
1415043
1415072
1415090
1415092
1415127
1415141
1415178
1415235
1415281
1415289
1415302
1415321
1415333
1415379
1415394
1415459
1415474
1415485
1415508
1415529
1415611
1415617
1415667
1415683
1415684
1415709
1415734
1415748
1415811
1415832
1415881
1415893
1415897
1415901
1415919
1415959
1415971
1415979
1416016
1416031
1416101
1416106
1416155
1416180
1416193
1416213
1416227
1416247
1416303
1416322
1416352
1416384
1416482
1416484
1416544
1416610
1416627
1416634
1416656
1416677
1416711
1416765
1416810
1416823
1416871
1416898
1416904
1416910
1416913
1416970
1416987
1417043
1417055
1417078
1417100
1417122
1417130
1417135
1417141
1417166
1417182
1417194
1417255
1417286
1417344
1417373
1417374
1417481
1417620
1417672
1417675
1417678
1417770
1417784
1417820
1417840
1417855
1417934
1418042
1418069
1418077
1418091
1418096
1418099
1418130
1418162
1418171
1418172
1418201
1418204
1418225
1418438
1418447
1418460
1418515
1418531
1418605
1418609
1418620
1418624
1418628
1418737
1418774
1418792
1418850
1418869
1418915
1418943
1419052
1419067
1419120
1419237
1419263
1419274
1419288
1419398
1419405
1419436
1419464
1419574
1419575
1419644
1419659
1419672
1419675
1419842
1419849
1419895
1420290
1420310
1420312
1420391
1420425
1420453
1420534
1420537
1420589
1420640
1420770
1420813
1420831
1420860
1420917
1420942
1421004
1421032
1421068
1421091
1421115
1421131
1421203
1421255
1421270
1421272
1421285
1421305
1421408
1421420
1421428
1421510
1421540
1421542
1421583
1421631
1421771
1421979
1422097
1422225
1422300
1422328
1422331
1422372
1422394
1422395
1422398
1422451
1422462
1422533
1422569
1422593
1422612
1422674
1422679
1422707
1422714
1422724
1422760
1422800
1422888
1422906
1422907
1422934
1423005
1423056
1423058
1423070
1423135
1423308
1423316
1423358
1423405
1423416
1423662
1423674
1423685
1423689
1423709
1423801
1423827
1423881
1423950
1423966
1424022
1424062
1424091
1424131
1424196
1424250
1424317
1424345
1424348
1424391
1424569
1424702
1424845
1424847
1424980
1424998
1425002
1425046
1425112
1425119
1425154
1425184
1425216
1425247
1425292
1425376
1425389
1425401
1425470
1425514
1425523
1425561
1425595
1425661
1425785
1425805
1425830
1425849
1425879
1425885
1425939
1425989
1426020
1426063
1426148
1426186
1426191
1426205
1426212
1426238
1426243
1426308
1426325
1426480
1426537
1426543
1426552
1426602
1426628
1426630
1426688
1426736
1426747
1426823
1426871
1426888
1426936
1427077
1427169
1427208
1427224
1427381
1427549
1427566
1427569
1427584
1427652
1427670
1427810
1427880
1427952
1427963
1428043
1428082
1428112
1428126
1428164
1428307
1428493
1428635
1428671
1428700
1428859
1428963
1428982
1429028
1429029
1429043
1429055
1429086
1429088
1429090
1429238
1429247
1429262
1429365
1429380
1429399
1429405
1429460
1429471
1429538
1429657
1429680
1429757
1429774
1429831
1429915
1429986
1430021
1430042
1430153
1430182
1430248
1430365
1430376
1430387
1430391
1430527
1430586
1430710
1430766
1430808
1430813
1430844
1430854
1430913
1430914
1431040
1431088
1431101
1431253
1431259
1431290
1431342
1431348
1431426
1431550
1431625
1431654
1431681
1431693
1431712
1431880
1431901
1431954
1431974
1431985
1431996
1432025
1432064
1432080
1432093
1432301
1432372
1432485
1432522
1432525
1432542
1432552
1432566
1432760
1432784
1432829
1432885
1432912
1433007
1433079
1433124
1433171
1433179
1433214
1433221
1433248
1433277
1433349
1433377
1433455
1433528
1433593
1433647
1433765
1433812
1433869
1433890
1433913
1433940
1434007
1434025
1434134
1434224
1434227
1434239
1434243
1434270
1434324
1434385
1434421
1434464
1434512
1434574
1434647
1434706
1434707
1434807
1434819
1434860
1434896
1435002
1435076
1435121
1435179
1435200
1435316
1435326
1435381
1435447
1435462
1435473
1435488
1435532
1435602
1435660
1435736
1435747
1435885
1435959
1435989
1435999
1436125
1436170
1436184
1441875
1442107
1443352
1443366
1443372
1443399
1443412
1443497
1443512
1443526
1443619
1443624
1443757
1443758
1443764
1443871
1443942
1444064
1444160
1444177
1444182
1444202
1444208
1444236
1444289
1444298
1444304
1444320
1444389
1444399
1444429
1444434
1444454
1444476
1444622
1444631
1444677
1444696
1444726
1444738
1444759
1444763
1444832
1444891
1444910
1444922
1444941
1444966
1444981
1445035
1445059
1445075
1445119
1445177
1445229
1445248
1445252
1445312
1445374
1445395
1445398
1445411
1445466
1445565
1445671
1445715
1445747
1445792
1445813
1445827
1445841
1445857
1445881
1445917
1445971
1446017
1446035
1446051
1446087
1446093
1446178
1446201
1446261
1446278
1446285
1446289
1446305
1446314
1446351
1446377
1446378
1446386
1446401
1446425
1446431
1446456
1446470
1446476
1446492
1446493
1446555
1446580
1446648
1446785
1446801
1446809
1446827
1446840
1446844
1446902
1446907
1447030
1447044
1447100
1447191
1447246
1447321
1447364
1447377
1447383
1447390
1447393
1447451
1447496
1447517
1447659
1447681
1447728
1447734
1447819
1447832
1447851
1447925
1447937
1447947
1447981
1447984
1447995
1448039
1448043
1448066
1448072
1448115
1448119
1448243
1448248
1448277
1448289
1448290
1448294
1448387
1448454
1448505
1448523
1448610
1448674
1448694
1448722
1448729
1448739
1448793
1448801
1448806
1448849
1448925
1448927
1448951
1448997
1449037
1449056
1449087
1449165
1449215
1449218
1449223
1449229
1449235
1449266
1449281
1449303
1449376
1449434
1449444
1449558
1449590
1449670
1449757
1449767
1449795
1449802
1449809
1449871
1449879
1449898
1449915
1449922
1449934
1450040
1450077
1450082
1450085
1450096
1450099
1450126
1450132
1450274
1450279
1450280
1450304
1450349
1450465
1450470
1450496
1450520
1450590
1450614
1450629
1450651
1450732
1450782
1450788
1450847
1450880
1450891
1450892
1450931
1451009
1451072
1451116
1451131
1451157
1451182
1451304
1451318
1451344
1451354
1451370
1451391
1451423
1451484
1451491
1451540
1451545
1451579
1451755
1451850
1451856
1452012
1452053
1452120
1452193
1452211
1452220
1452237
1452323
1452356
1452378
1452391
1452483
1452511
1452561
1452582
1452697
1452705
1452720
1452823
1452831
1452833
1452880
1452903
1452933
1452959
1452971
1453001
1453022
1453032
1453077
1453134
1453140
1453146
1453205
1453246
1453254
1453256
1453258
1453260
1453266
1453299
1453303
1453350
1453399
1453406
1453407
1453449
1453493
1453569
1453587
1453608
1453702
1453719
1453728
1453764
1453836
1453843
1453882
1453892
1453933
1454003
1454130
1454147
1454149
1454170
1454239
1454272
1454279
1454285
1454287
1454292
1454373
1454378
1454382
1454460
1454506
1454527
1454559
1454574
1454582
1454594
1454669
1454691
1454718
1454768
1454774
1454785
1454786
1454808
1454809
1454851
1454984
1454985
1454994
1455074
1455124
1455155
1455231
1455249
1455293
1455303
1455360
1455367
1455419
1455434
1455484
1455488
1455511
1455602
1455667
1455705
1455777
1455798
1455801
1455836
1455841
1455868
1455874
1455891
1455911
1455915
1455932
1455988
1456006
1456022
1456034
1456090
1456150
1456183
1456190
1456246
1456258
1456313
1456328
1456335
1456444
1456466
1456499
1456540
1456554
1456583
1456597
1456669
1456676
1456678
1456719
1456725
1456827
1456869
1456929
1456969
1457042
1457070
1457075
1457208
1457226
1457260
1457310
1457315
1457458
1457521
1457585
1457600
1457615
1457619
1457652
1457669
1457725
1457846
1457849
1457954
1457995
1458018
1458053
1458082
1458125
1458248
1458307
1458328
1458332
1458510
1458559
1458630
1458655
1458708
1458798
1458843
1458847
1458850
1458895
1458919
1458987
1459075
1459104
1459134
1459145
1459196
1459212
1459213
1459246
1459264
1459300
1459302
1459305
1459313
1459344
1459393
1459485
1459504
1459514
1459571
1459699
1459708
1459788
1459819
1459868
1459877
1459951
1459966
1459972
1459978
1459984
1460040
1460091
1460149
1460195
1460240
1460249
1460268
1460270
1460302
1460378
1460379
1460464
1460498
1460552
1460590
1460611
1460623
1460642
1460702
1460742
1460812
1460874
1460881
1461024
1461028
1461029
1461079
1461084
1461121
1461144
1461156
1461189
1461192
1461194
1461248
1461250
1461327
1461470
1461497
1461531
1461551
1461571
1461576
1461603
1461619
1461725
1461756
1461774
1461813
1461822
1461961
1461968
1462005
1462024
1462061
1462070
1462084
1462108
1462130
1462166
1462168
1462184
1462194
1462211
1462224
1462244
1462254
1462263
1462278
1462425
1462440
1462464
1462480
1462607
1462692
1462755
1462791
1462796
1462799
1462812
1462873
1462894
1462926
1462946
1462958
1463088
1463213
1463230
1463274
1463301
1463360
1463468
1463488
1463492
1463535
1463563
1463565
1463678
1463679
1463701
1463720
1463741
1463742
1463743
1463744
1463750
1463763
1463805
1463920
1464024
1464040
1464041
1464056
1464106
1464169
1464219
1464220
1464398
1464410
1464434
1464480
1464500
1464516
1464612
1464631
1464633
1464644
1464658
1464711
1464742
1464770
1464776
1464782
1464807
1464821
1464916
1464958
1464964
1464982
1465075
1465116
1465123
1465181
1465204
1465224
1465236
1465292
1465353
1465362
1465367
1465381
1465386
1465389
1465434
1465501
1465504
1465514
1465530
1465591
1465631
1465638
1465712
1465738
1465768
1465776
1465796
1465820
1465822
1465877
1465906
1465907
1465935
1465951
1465986
1466035
1466163
1466200
1466218
1466228
1466252
1466386
1466395
1466420
1466424
1466453
1466498
1466526
1466530
1466578
1466597
1466631
1466656
1466682
1466716
1466732
1466904
1466995
1467050
1467056
1467060
1467139
1467163
1467208
1467267
1467295
1467313
1467320
1467324
1467348
1467352
1467412
1467419
1467421
1467434
1467461
1467464
1467468
1467481
1467534
1467560
1467564
1467582
1467613
1467643
1467755
1467860
1467886
1467904
1467928
1467954
1467991
1467997
1468044
1468061
1468103
1468172
1468244
1468271
1468277
1468345
1468350
1468364
1468370
1468410
1468495
1468534
1468536
1468659
1468664
1468666
1468668
1468696
1468709
1468759
1468803
1468811
1468901
1468940
1468994
1469001
1469010
1469025
1469038
1469052
1469087
1469134
1469145
1469152
1469262
1469340
1469413
1469447
1469462
1469477
1469614
1469621
1469649
1469692
1469715
1469722
1469724
1469727
1469739
1469743
1469768
1469771
1469843
1469846
1469879
1469901
1469949
1469989
1470034
1470060
1470066
1470092
1470096
1470099
1470113
1470116
1470137
1470175
1470181
1470282
1470301
1470317
1470322
1470330
1470339
1470380
1470410
1470458
1470490
1470534
1470564
1470593
1470638
1470666
1470678
1470741
1470777
1470794
1470826
1470846
1470864
1470954
1470964
1470982
1471102
1471114
1471280
1471317
1471351
1471399
1471429
1471434
1471595
1471610
1471632
1471662
1471663
1471671
1471698
1471716
1471720
1471779
1471781
1471801
1471831
1471845
1471855
1471974
1471977
1471980
1471983
1472061
1472062
1472070
1472101
1472232
1472245
1472274
1472290
1472337
1472378
1472423
1472507
1472574
1472601
1472603
1472671
1472712
1472732
1472741
1472742
1472848
1472850
1472861
1472955
1473021
1473029
1473071
1473075
1473263
1473273
1473346
1473419
1473433
1473443
1473472
1473497
1473557
1473580
1473611
1473650
1473667
1473673
1473693
1473762
1473770
1473867
1473905
1473960
1474012
1474088
1474092
1474193
1474298
1474313
1474336
1474347
1474348
1474405
1474413
1474470
1474570
1474574
1474577
1474578
1474626
1474627
1474632
1474757
1474803
1474853
1474857
1474922
1474925
1474940
1474957
1475027
1475038
1475171
1475206
1475234
1475349
1475447
1475452
1475453
1475477
1475487
1475502
1475568
1475660
1475662
1475667
1475685
1475687
1475691
1475742
1475778
1475812
1475813
1475826
1475852
1475942
1475957
1475986
1476025
1476109
1476112
1476134
1476154
1476165
1476249
1476271
1476272
1476315
1476365
1476367
1476371
1476376
1476415
1476423
1476450
1476475
1476476
1476517
1476524
1476528
1476562
1476579
1476595
1476605
1476629
1476654
1476681
1476708
1476737
1476747
1476797
1476833
1476860
1476944
1476968
1476972
1476994
1477014
1477048
1477049
1477061
1477091
1477151
1477226
1477272
1477283
1477298
1477377
1477380
1477426
1477436
1477495
1477508
1477519
1477526
1477593
1477598
1477600
1477606
1477615
1477648
1477683
1477737
1477748
1477760
1477795
1477859
1477872
1477873
1477875
1477887
1477906
1477916
1477918
1477921
1477931
1477942
1477944
1477958
1478021
1478028
1478062
1478067
1478096
1478124
1478148
1478159
1478184
1478192
1478201
1478249
1478275
1478280
1478389
1478404
1478572
1478585
1478592
1478622
1478636
1478637
1478644
1478690
1478713
1478742
1478766
1478824
1478883
1478896
1478975
1478994
1479007
1479025
1479041
1479051
1479061
1479067
1479141
1479173
1479186
1479244
1479249
1479267
1479278
1479310
1479311
1479347
1479359
1479404
1479405
1479478
1479544
1479563
1479647
1479659
1479668
1479677
1479697
1479734
1479755
1479780
1479793
1479803
1479811
1479814
1479820
1479827
1479883
1479888
1479949
1480013
1480028
1480032
1480047
1480113
1480117
1480120
1480140
1480145
1480156
1480187
1480224
1480226
1480238
1480453
1480454
1480487
1480500
1480532
1480536
1480566
1480585
1480595
1480613
1480616
1480629
1480648
1480698
1480723
1480766
1480814
1480828
1480830
1480899
1480959
1480993
1480999
1481036
1481079
1481080
1481124
1481130
1481139
1481174
1481275
1481278
1481288
1481292
1481322
1481328
1481334
1481366
1481378
1481379
1481382
1481385
1481392
1481463
1481475
1481516
1481535
1481564
1481654
1481661
1481662
1481673
1481675
1481728
1481729
1481786
1481787
1481800
1481814
1481815
1481827
1481831
1481847
1481869
1481879
1481884
1481895
1481927
1481930
1481960
1481981
1482008
1482032
1482120
1482144
1482147
1482162
1482166
1482188
1482204
1482221
1482231
1482244
1482318
1482326
1482332
1482339
1482375
1482456
1482469
1482494
1482502
1482515
1482560
1482565
1482583
1482622
1482631
1482635
1482646
1482724
1482747
1482751
1482764
1482892
1482893
1482949
1482955
1482959
1482979
1482987
1483034
1483053
1483068
1483092
1483097
1483104
1483108
1483125
1483126
1483129
1483187
1483210
1483236
1483278
1483314
1483341
1483347
1483371
1483413
1483443
1483480
1483564
1483574
1483585
1483648
1483743
1483822
1483852
1483859
1483978
1483984
1484014
1484079
1484111
1484112
1484141
1484178
1484194
1484196
1484213
1484231
1484239
1484243
1484305
1484310
1484321
1484362
1484368
1484378
1484414
1484443
1484462
1484500
1484504
1484522
1484525
1484568
1484580
1484584
1484616
1484629
1484658
1484680
1484683
1484710
1484716
1484718
1484719
1484757
1484758
1484766
1484804
1484807
1484816
1484821
1484850
1484853
1484855
1484901
1484914
1484938
1484963
1485079
1485084
1485118
1485225
1485243
1485297
1485303
1485317
1485326
1485382
1485390
1485408
1485423
1485442
1485460
1485481
1485491
1485508
1485585
1485634
1485645
1485673
1485759
1485772
1485794
1485808
1485840
1485946
1485949
1485960
1485965
1485969
1485972
1485980
1486048
1486070
1486073
1486094
1486135
1486143
1486146
1486156
1486165
1486198
1486199
1486237
1486256
1486268
1486269
1486274
1486308
1486332
1486375
1486380
1486468
1486475
1486486
1486537
1486539
1486546
1486606
1486683
1486689
1486713
1486718
1486736
1486817
1486928
1486942
1486944
1486958
1486982
1486984
1487000
1487013
1487083
1487180
1487224
1487230
1487278
1487296
1487299
1487306
1487354
1487414
1487454
1487487
1487513
1487528
1487548
1487580
1487595
1487624
1487635
1487647
1487719
1487746
1487750
1487763
1487788
1487803
1487807
1487826
1487841
1487851
1487858
1487900
1487903
1487918
1487919
1487983
1487994
1488028
1488033
1488041
1488061
1488065
1488078
1488102
1488125
1488184
1488191
1488193
1488207
1488237
1488241
1488251
1488275
1488291
1488309
1488320
1488343
1488360
1488364
1488380
1488381
1488402
1488422
1488437
1488454
1488501
1488607
1488609
1488634
1488683
1488690
1488711
1488735
1488779
1488809
1488845
1488879
1488894
1488919
1488925
1488943
1488971
1488979
1488999
1489046
1489096
1489122
1489157
1489192
1489244
1489262
1489268
1489272
1489307
1489355
1489376
1489399
1489420
1489427
1489522
1489553
1489616
1489660
1489726
1489763
1489770
1489778
1489789
1489849
1489858
1489867
1489886
1489894
1489900
1489909
1489921
1489930
1489939
1489941
1489963
1490057
1490064
1490102
1490110
1490114
1490135
1490149
1490166
1490170
1490199
1490241
1490248
1490271
1490377
1490399
1490416
1490430
1490468
1490597
1490612
1490676
1490694
1490719
1490763
1490802
1490835
1490848
1490852
1490857
1490865
1490869
1490882
1490941
1490944
1490953
1491145
1491159
1491178
1491179
1491269
1491349
1491355
1491366
1491408
1491534
1491624
1491692
1491857
1491871
1491957
1491979
1491990
1492005
1492048
1492056
1492081
1492167
1492224
1492350
1492411
1492432
1492497
1492521
1492596
1492614
1492653
1492659
1492712
1492789
1492872
1493242
1493245
1493246
1493276
1493300
1493331
1493334
1493360
1493363
1493402
1493444
1493455
1493457
1493582
1493709
1493727
1493796
1493799
1493826
1493905
1493929
1494013
1494085
1494128
1494172
1494195
1494218
1494296
1494344
1494429
1494432
1494436
1494441
1494568
1494628
1494642
1494725
1494804
1494847
1494864
1494902
1494912
1494950
1494958
1495018
1495028
1495100
1495168
1495191
1495209
1495224
1495288
1495300
1495301
1495307
1495345
1495428
1495431
1495442
1495476
1495531
1495554
1495578
1495612
1495618
1495619
1495755
1495797
1495859
1495877
1495889
1495913
1495953
1495955
1495993
1496022
1496166
1496197
1496209
1496228
1496241
1496261
1496267
1496274
1496291
1496326
1496332
1496505
1496616
1496663
1496697
1496771
1496821
1496834
1496861
1496862
1496881
1496913
1497006
1497057
1497077
1497206
1497281
1497290
1497326
1497348
1497416
1497498
1497565
1497574
1497590
1497647
1497659
1497669
1497670
1497680
1497717
1497744
1497752
1497777
1497778
1497818
1497822
1497891
1497936
1497959
1497971
1498008
1498086
1498096
1498109
1498122
1498126
1498244
1498247
1498287
1498404
1498450
1498463
1498474
1498559
1498565
1498617
1498662
1498667
1498688
1498746
1498764
1498809
1498816
1498825
1498921
1498924
1498967
1499010
1499042
1499081
1499086
1499112
1499116
1499185
1499194
1499204
1499257
1499284
1499321
1499335
1499341
1499353
1499382
1499394
1499395
1499451
1499510
1499565
1499567
1499577
1499578
1499581
1499611
1499619
1499676
1499726
1499731
1499736
1499739
1499764
1499776
1499806
1499812
1499867
1499912
1499931
1499992
1500025
1500035
1500059
1500093
1500104
1500166
1500179
1500190
1500199
1500233
1500234
1500246
1500254
1500284
1500302
1500317
1500320
1500490
1500513
1500569
1500579
1500619
1500620
1500639
1500647
1500677
1500694
1500749
1500780
1500831
1500848
1500854
1500880
1500900
1500909
1500937
1500941
1500949
1501050
1501143
1501246
1501248
1501353
1501359
1501414
1501477
1501497
1501515
1501530
1501580
1501594
1501649
1501715
1501781
1501791
1501828
1501885
1501903
1501927
1501941
1501972
1502049
1502119
1502129
1502233
1502265
1502273
1502369
1502405
1502454
1502465
1502482
1502491
1502521
1502547
1502566
1502573
1502585
1502598
1502616
1502656
1502715
1502743
1502752
1502809
1502814
1502822
1502858
1502944
1502945
1502973
1502997
1503020
1503038
1503049
1503146
1503284
1503297
1503298
1503329
1503334
1503347
1503373
1503399
1503422
1503539
1503612
1503656
1503691
1503696
1503742
1503776
1503798
1503816
1503820
1503825
1503860
1503927
1504001
1504030
1504043
1504045
1504061
1504064
1504076
1504092
1504100
1504167
1504186
1504209
1504215
1504232
1504237
1504263
1504295
1504296
1504358
1504362
1504368
1504436
1504509
1504621
1504629
1504649
1504667
1504676
1504695
1504698
1504717
1504740
1504753
1504772
1504776
1504782
1504865
1504884
1504975
1504982
1504995
1505000
1505023
1505057
1505060
1505064
1505159
1505188
1505227
1505247
1505257
1505275
1505284
1505293
1505327
1505369
1505373
1505383
1505393
1505422
1505437
1505464
1505473
1505507
1505561
1505573
1505650
1505689
1505692
1505706
1505708
1505724
1505763
1505766
1505775
1505794
1505800
1505812
1505852
1505890
1505915
1505948
1505987
1505994
1505998
1506046
1506068
1506071
1506104
1506136
1506206
1506234
1506243
1506251
1506252
1506267
1506286
1506310
1506437
1506485
1506516
1506600
1506654
1506698
1506899
1506977
1506988
1507020
1507071
1507176
1507209
1507221
1507250
1507257
1507287
1507311
1507334
1507397
1507430
1507557
1507591
1507592
1507734
1507756
1507787
1507806
1507856
1507863
1507875
1508052
1508066
1508079
1508099
1508138
1508271
1508292
1508296
1508311
1508436
1508445
1508481
1508534
1508643
1508695
1508719
1508721
1508830
1508838
1508951
1508958
1509001
1509024
1509064
1509076
1509115
1509149
1509152
1509177
1509229
1509275
1509317
1509356
1509425
1509493
1509511
1509531
1509610
1509628
1509699
1509726
1509821
1509847
1509864
1509930
1510004
1510065
1510090
1510143
1510294
1510332
1510373
1510377
1510382
1510402
1510403
1510452
1510602
1510659
1510663
1510734
1510803
1510804
1510946
1510964
1510982
1511011
1511040
1511052
1511155
1511218
1511231
1511249
1511267
1511334
1511394
1511419
1511421
1511422
1511433
1511441
1511549
1511550
1511554
1511608
1511654
1511673
1511685
1511741
1511773
1511792
1511893
1511894
1511901
1511907
1511914
1511940
1512151
1512168
1512297
1512350
1512359
1512392
1512700
1512732
1512781
1512784
1512885
1512896
1513046
1513095
1513105
1513180
1513232
1513246
1513256
1513285
1513314
1513340
1513358
1513395
1513436
1513443
1513491
1513553
1513563
1513629
1513658
1513716
1513740
1513767
1513784
1513866
1513975
1514147
1514160
1514306
1514434
1514494
1514502
1514656
1514658
1514675
1514696
1514784
1514811
1514812
1514843
1514859
1514880
1514895
1514909
1514959
1515062
1515132
1515249
1515267
1515270
1515314
1515320
1515341
1515345
1515398
1515403
1515408
1515481
1515488
1515517
1515523
1515542
1515553
1515580
1515586
1515627
1515640
1515677
1515746
1515772
1515800
1515860
1515891
1515954
1515973
1515980
1516001
1516014
1516020
1516027
1516062
1516078
1516080
1516135
1516144
1516173
1516193
1516198
1516227
1516245
1516275
1516281
1516304
1516313
1516345
1516353
1516380
1516389
1516395
1516415
1516426
1516432
1516488
1516527
1516529
1516541
1516546
1516549
1516556
1516557
1516564
1516572
1516601
1516610
1516656
1516678
1516680
1516710
1516721
1516767
1516775
1516817
1516858
1516859
1516879
1516893
1516898
1516981
1517006
1517007
1517052
1517174
1517176
1517262
1517293
1517328
1517329
1517344
1517358
1517421
1517437
1517494
1517499
1517507
1517523
1517526
1517539
1517543
1517572
1517577
1517580
1517593
1517620
1517635
1517644
1517652
1517729
1517731
1517753
1517778
1517812
1517839
1517876
1517882
1517923
1517926
1517952
1517980
1518063
1518070
1518089
1518092
1518102
1518128
1518138
1518149
1518157
1518173
1518190
1518216
1518353
1518366
1518372
1518379
1518426
1518454
1518469
1518495
1518500
1518517
1518530
1518558
1518566
1518572
1518597
1518733
1518736
1518739
1518749
1518768
1518786
1518805
1518818
1518850
1518891
1518923
1518958
1518961
1518977
1518988
1518990
1519070
1519100
1519101
1519104
1519116
1519123
1519164
1519177
1519191
1519202
1519230
1519283
1519374
1519403
1519525
1519567
1519575
1519587
1519667
1519720
1519739
1519764
1519784
1519813
1519828
1519870
1519909
1520010
1520024
1520032
1520065
1520083
1520111
1520143
1520155
1520173
1520176
1520181
1520208
1520230
1520317
1520336
1520349
1520376
1520394
1520445
1520453
1520459
1520481
1520507
1520551
1520553
1520573
1520591
1520620
1520622
1520623
1520657
1520727
1520788
1520797
1520832
1520835
1520870
1520920
1520957
1520961
1521009
1521013
1521038
1521069
1521077
1521078
1521106
1521119
1521144
1521178
1521235
1521267
1521288
1521301
1521305
1521315
1521335
1521386
1521409
1521425
1521433
1521466
1521481
1521491
1521520
1521537
1521567
1521568
1521621
1521642
1521667
1521688
1521699
1521706
1521762
1521769
1521827
1521843
1521863
1521872
1521898
1521906
1521911
1521973
1521975
1522017
1522033
1522045
1522080
1522140
1522147
1522168
1522210
1522248
1522264
1522266
1522302
1522337
1522411
1522413
1522436
1522452
1522476
1522509
1522557
1522687
1522703
1522745
1522802
1522817
1522848
1522868
1522885
1522897
1522901
1522927
1522932
1522962
1523067
1523139
1523200
1523205
1523232
1523252
1523278
1523287
1523302
1523422
1523461
1523540
1523542
1523560
1523615
1523620
1523638
1523673
1523771
1523775
1523808
1523813
1523930
1523942
1523952
1523970
1524063
1524073
1524079
1524116
1524131
1524212
1524295
1524320
1524330
1524387
1524393
1524397
1524458
1524540
1524582
1524686
1524737
1524810
1524830
1524832
1524857
1524874
1524883
1524931
1524936
1524944
1524947
1524972
1524989
1525005
1525015
1525017
1525018
1525055
1525088
1525106
1525125
1525126
1525149
1525213
1525263
1525300
1525303
1525311
1525312
1525332
1525373
1525375
1525412
1525469
1525555
1525560
1525568
1525581
1525586
1525661
1525702
1525705
1525742
1525749
1525756
1525798
1525874
1525880
1526049
1526096
1526107
1526146
1526162
1526187
1526215
1526227
1526247
1526258
1526264
1526349
1526351
1526353
1526364
1526391
1526400
1526406
1526475
1526489
1526520
1526521
1526529
1526537
1526576
1526593
1526619
1526664
1526687
1526693
1526726
1526735
1526740
1526741
1526781
1526786
1526796
1526816
1526826
1526830
1526878
1526930
1526939
1526941
1526956
1526960
1526974
1526976
1527020
1527050
1527198
1527226
1527227
1527270
1527274
1527386
1527392
1527407
1527483
1527608
1527628
1527633
1527639
1527683
1527686
1527694
1527701
1527707
1527845
1527962
1528036
1528095
1528133
1528186
1528306
1528447
1528516
1528531
1528551
1528552
1528560
1528579
1528587
1528612
1528653
1528704
1528728
1528739
1528819
1528852
1528876
1528901
1528927
1528949
1528953
1528987
1531284
1535872
1536040
1536053
1536067
1536071
1536084
1536113
1536199
1536362
1536384
1536396
1536421
1536513
1536571
1536657
1536662
1536718
1536744
1536791
1536916
1536932
1536978
1537034
1537072
1537081
1537134
1537135
1537168
1537191
1537251
1537274
1537301
1537316
1537394
1537417
1537431
1537466
1537480
1537511
1537526
1537656
1537757
1537782
1537796
1537910
1537967
1538002
1538030
1538076
1538108
1538127
1538138
1538174
1538189
1538272
1538314
1538378
1538379
1538389
1538392
1538481
1538575
1538600
1538618
1538622
1538649
1538690
1538757
1538765
1538787
1538798
1538912
1538914
1538929
1538961
1538979
1538995
1539163
1539201
1539214
1539275
1539293
1539322
1539423
1539456
1539506
1539527
1539545
1539629
1539685
1539693
1539789
1539794
1539850
1539953
1539970
1540043
1540049
1540073
1540160
1540162
1540211
1540217
1540313
1540346
1540356
1540372
1540385
1540422
1540444
1540509
1540544
1540704
1540710
1540909
1540971
1540980
1540986
1540993
1541036
1541049
1541113
1541123
1541144
1541294
1541323
1541370
1541414
1541433
1541455
1541470
1541500
1541503
1541506
1541558
1541597
1541604
1541685
1541774
1541835
1541840
1541848
1541907
1541995
1541996
1542031
1542166
1542167
1542179
1542184
1542203
1542243
1542244
1542245
1542262
1542288
1542356
1542364
1542397
1542449
1542468
1542491
1542508
1542568
1542591
1542693
1542713
1542733
1542831
1542870
1542886
1543019
1543024
1543041
1543060
1543129
1543140
1543155
1543195
1543271
1543278
1543430
1543478
1543502
1543560
1543571
1543609
1543613
1543706
1543717
1543719
1543825
1543831
1543836
1543839
1543965
1543998
1544033
1544036
1544116
1544147
1544193
1544251
1544291
1544309
1544318
1544329
1544349
1544382
1544435
1544436
1544498
1544530
1544545
1544548
1544576
1544628
1544651
1544684
1544689
1544694
1544703
1544735
1544736
1544750
1544886
1544925
1544932
1545020
1545033
1545087
1545089
1545110
1545123
1545254
1545316
1545364
1545366
1545551
1545555
1545557
1545612
1545825
1545848
1545883
1546098
1546216
1546246
1546294
1546308
1546332
1546450
1546455
1546542
1546563
1546572
1546576
1546596
1546667
1546694
1546700
1546740
1546829
1546832
1546935
1546951
1546968
1547062
1547115
1547137
1547147
1547327
1547370
1547435
1547474
1547665
1547669
1547691
1547694
1547708
1547741
1547743
1547840
1547894
1547981
1548033
1548098
1548213
1548299
1548346
1548407
1548545
1548573
1548582
1548590
1548656
1548687
1548745
1548762
1548807
1548809
1548847
1548856
1548934
1548944
1548956
1548971
1548981
1549019
1549075
1549123
1549137
1549139
1549144
1549156
1549167
1549192
1549316
1549360
1549443
1549454
1549457
1549550
1549583
1549647
1549655
1549690
1549813
1549835
1549878
1549896
1549951
1550012
1550038
1550042
1550116
1550185
1550258
1550302
1550313
1550357
1550389
1550395
1550524
1550633
1550656
1550677
1550688
1550689
1550709
1550761
1550809
1550839
1550856
1550872
1550875
1550890
1550894
1550909
1550927
1551028
1551049
1551053
1551074
1551080
1551090
1551129
1551153
1551213
1551221
1551275
1551294
1551316
1551440
1551461
1551473
1551476
1551482
1551502
1551588
1551596
1551650
1551703
1551720
1551840
1551850
1551885
1551889
1551941
1551962
1551971
1551997
1552023
1552043
1552067
1552089
1552112
1552144
1552258
1552279
1552285
1552287
1552306
1552369
1552402
1552427
1552432
1552514
1552638
1552668
1552762
1552777
1552779
1552833
1552862
1552905
1552924
1552937
1552955
1553215
1553245
1553251
1553305
1553324
1553420
1553651
1553671
1553705
1553713
1553767
1553795
1553859
1553880
1553906
1553912
1553943
1554009
1554035
1554041
1554125
1554136
1554215
1554219
1554220
1554319
1554353
1554434
1554498
1554502
1554597
1554607
1554621
1554657
1554681
1554743
1554746
1554760
1554761
1554781
1554790
1554811
1554812
1554890
1554906
1554915
1554939
1555003
1555020
1555053
1555091
1555111
1555145
1555204
1555261
1555313
1555338
1555350
1555360
1555424
1555463
1555464
1555512
1555535
1555556
1555565
1555579
1555606
1555679
1555728
1555735
1555792
1555794
1555801
1555998
1556026
1556050
1556055
1556090
1556111
1556122
1556126
1556130
1556207
1556211
1556248
1556373
1556428
1556478
1556500
1556533
1556658
1556789
1556804
1556823
1556922
1557012
1557026
1557047
1557083
1557141
1557165
1557187
1557284
1557448
1557543
1557560
1557665
1557667
1557677
1557680
1557692
1557752
1557763
1557768
1557823
1557855
1557867
1557951
1557970
1558015
1558060
1558088
1558109
1558140
1558154
1558196
1558282
1558289
1558399
1558469
1558503
1558568
1558637
1558666
1558715
1558722
1558745
1558817
1558898
1558981
1559032
1559050
1559114
1559144
1559165
1559175
1559269
1559295
1559303
1559322
1559333
1559392
1559421
1559466
1559511
1559519
1559524
1559535
1559610
1559694
1559726
1559729
1559742
1559770
1559794
1559799
1559951
1559995
1559998
1560021
1560052
1560074
1560089
1560126
1560160
1560196
1560262
1560284
1560367
1560401
1560402
1560594
1560626
1560679
1560758
1560763
1560771
1560803
1560863
1560921
1561191
1561197
1561204
1561229
1561287
1561351
1561421
1561433
1561456
1561495
1561515
1561519
1561562
1561573
1561604
1561626
1561655
1561664
1561667
1561717
1561744
1561750
1561753
1561776
1561818
1561837
1561910
1562055
1562077
1562131
1562167
1562170
1562184
1562188
1562201
1562244
1562269
1562285
1562303
1562401
1562531
1562549
1562573
1562578
1562580
1562611
1562631
1562686
1562691
1562692
1562722
1562726
1562825
1562875
1563020
1563075
1563076
1563077
1563096
1563120
1563151
1563168
1563169
1563185
1563227
1563278
1563303
1563343
1563381
1563456
1563504
1563532
1563541
1563544
1563582
1563702
1563710
1563711
1563717
1563732
1563779
1563834
1563872
1563895
1563907
1563915
1564028
1564036
1564067
1564079
1564175
1564200
1564217
1564240
1564284
1564310
1564331
1564378
1564414
1564416
1564491
1564504
1564589
1564606
1564660
1564736
1564879
1564899
1565092
1565101
1565297
1565308
1565313
1565328
1565394
1565536
1565669
1565831
1565940
1566053
1566070
1566076
1566101
1566163
1566180
1566208
1566272
1566373
1566432
1566453
1566461
1566568
1566625
1566647
1566661
1566671
1566699
1566797
1566827
1566917
1566938
1566945
1566962
1567031
1567070
1567113
1567155
1567175
1567215
1567279
1567377
1567395
1567409
1567414
1567445
1567454
1567479
1567531
1567547
1567647
1567677
1567683
1567726
1567769
1567897
1567908
1567923
1568153
1568174
1568199
1568237
1568249
1568255
1568279
1568327
1568330
1568337
1568357
1568358
1568366
1568367
1568371
1568375
1568499
1568516
1568535
1568589
1568664
1568697
1568774
1568811
1568833
1568844
1568855
1568884
1568965
1568968
1568985
1569044
1569080
1569097
1569107
1569137
1569138
1569164
1569169
1569213
1569248
1569279
1569298
1569339
1569351
1569388
1569412
1569454
1569460
1569488
1569499
1569500
1569529
1569601
1569615
1569618
1569621
1569631
1569649
1569680
1569683
1569737
1569780
1569795
1569801
1569976
1569988
1570110
1570157
1570178
1570218
1570260
1570270
1570271
1570298
1570299
1570343
1570429
1570432
1570469
1570514
1570662
1570689
1570787
1570793
1570878
1570897
1570925
1570954
1570964
1571017
1571137
1571215
1571251
1571260
1571276
1571288
1571304
1571376
1571379
1571561
1571592
1571623
1571637
1571742
1571766
1571804
1571814
1571836
1571844
1571850
1571880
1571883
1571890
1571921
1571935
1571936
1571977
1572019
1572050
1572057
1572061
1572088
1572098
1572120
1572121
1572130
1572167
1572216
1572235
1572251
1572310
1572402
1572405
1572536
1572711
1572799
1572800
1572891
1572907
1572928
1572936
1572963
1573075
1573076
1573084
1573163
1573220
1573332
1573376
1573385
1573405
1573479
1573507
1573514
1573528
1573532
1573654
1573725
1573761
1573786
1573831
1573846
1573918
1573962
1573992
1574022
1574034
1574054
1574158
1574310
1574349
1574382
1574428
1574457
1574459
1574462
1574480
1574491
1574513
1574610
1574633
1574653
1574665
1574680
1574714
1574731
1574750
1574795
1574873
1574988
1575001
1575007
1575016
1575042
1575058
1575079
1575156
1575205
1575269
1575301
1575330
1575351
1575382
1575396
1575408
1575485
1575501
1575511
1575538
1575607
1575679
1575755
1575808
1575905
1575913
1575917
1575920
1575921
1575988
1575989
1576007
1576021
1576046
1576082
1576120
1576139
1576226
1576285
1576301
1576404
1576412
1576415
1576431
1576457
1576479
1576497
1576513
1576602
1576610
1576612
1576641
1576675
1576721
1576740
1576781
1576824
1576867
1576900
1576909
1576958
1577010
1577021
1577035
1577068
1577083
1577084
1577208
1577214
1577225
1577236
1577278
1577361
1577421
1577429
1577487
1577503
1577615
1577617
1577644
1577789
1577791
1577798
1577799
1577883
1577903
1577920
1577969
1578064
1578075
1578263
1578295
1578305
1578352
1578379
1578391
1578396
1578423
1578506
1578584
1578599
1578683
1578706
1578709
1578758
1578761
1578765
1578835
1578856
1578959
1578962
1579029
1579091
1579101
1579128
1579155
1579182
1579231
1579249
1579303
1579329
1579330
1579332
1579339
1579361
1579365
1579412
1579493
1579501
1579509
1579510
1579594
1579616
1579661
1579680
1579709
1579736
1579738
1579793
1579832
1579899
1579913
1579918
1579964
1580046
1580049
1580120
1580135
1580183
1580215
1580222
1580232
1580235
1580239
1580246
1580399
1580443
1580450
1580463
1580485
1580557
1580593
1580603
1580635
1580647
1580687
1580691
1580781
1580854
1580879
1580911
1581023
1581029
1581057
1581148
1581234
1581354
1581436
1581458
1581513
1581548
1581647
1581660
1581661
1581702
1581716
1581758
1581823
1581854
1581857
1581919
1581966
1582002
1582045
1582082
1582128
1582152
1582214
1582274
1582304
1582310
1582367
1582385
1582386
1582420
1582424
1582467
1582486
1582492
1582537
1582555
1582572
1582625
1582653
1582684
1582697
1582736
1582754
1582756
1582760
1582935
1582994
1583001
1583027
1583058
1583080
1583094
1583120
1583123
1583151
1583187
1583297
1583331
1583333
1583390
1583393
1583436
1583569
1583575
1583611
1583641
1583713
1583745
1583875
1583898
1583919
1583959
1583975
1583988
1584001
1584005
1584012
1584072
1584090
1584095
1584150
1584230
1584273
1584302
1584320
1584326
1584429
1584437
1584439
1584452
1584477
1584483
1584491
1584510
1584542
1584567
1584650
1584653
1584665
1584668
1584687
1584711
1584714
1584716
1584818
1584886
1584906
1584999
1585016
1585029
1585070
1585119
1585134
1585137
1585198
1585219
1585318
1585326
1585355
1585435
1585438
1585439
1585511
1585531
1585572
1585574
1585580
1585607
1585671
1585684
1585742
1585749
1585762
1585840
1585847
1585874
1585875
1585910
1585916
1585943
1585944
1586007
1586018
1586031
1586034
1586085
1586106
1586108
1586136
1586187
1586230
1586261
1586270
1586276
1586393
1586423
1586447
1586471
1586487
1586497
1586507
1586522
1586534
1586598
1586623
1586646
1586666
1586683
1586694
1586713
1586922
1586942
1586959
1587018
1587055
1587068
1587084
1587092
1587110
1587134
1587234
1587248
1587311
1587318
1587322
1587364
1587379
1587399
1587502
1587508
1587532
1587570
1587611
1587634
1587650
1587718
1587735
1587801
1587831
1587860
1587878
1587899
1587902
1587959
1588023
1588041
1588056
1588115
1588211
1588227
1588251
1588257
1588279
1588289
1588306
1588312
1588336
1588376
1588422
1588436
1588457
1588466
1588468
1588472
1588477
1588490
1588507
1588528
1588615
1588712
1588782
1588791
1588826
1588827
1588854
1588881
1588974
1589001
1589036
1589044
1589161
1589217
1589230
1589249
1589273
1589367
1589395
1589407
1589414
1589419
1589512
1589611
1589615
1589618
1589672
1589696
1589740
1589745
1589906
1589924
1589946
1589957
1590040
1590098
1590115
1590145
1590147
1590161
1590303
1590332
1590430
1590477
1590497
1590664
1590707
1590906
1590915
1590963
1590987
1590997
1591049
1591075
1591084
1591131
1591153
1591214
1591218
1591374
1591390
1591439
1591507
1591531
1591584
1591610
1591631
1591654
1591698
1591737
1591780
1591820
1591847
1591859
1591874
1591877
1591901
1591911
1591913
1591951
1592052
1592058
1592062
1592159
1592165
1592169
1592207
1592208
1592213
1592268
1592271
1592274
1592275
1592371
1592382
1592412
1592465
1592476
1592477
1592503
1592512
1592528
1592563
1592572
1592576
1592665
1592689
1592691
1592703
1592708
1592729
1592751
1592780
1592793
1592796
1592809
1592827
1592859
1592885
1592933
1592947
1593007
1593008
1593021
1593027
1593058
1593130
1593142
1593284
1593350
1593403
1593447
1593471
1593488
1593516
1593594
1593694
1593802
1593888
1593897
1593930
1593967
1594125
1594243
1594269
1594393
1594409
1594417
1594424
1594448
1594462
1594529
1594546
1594558
1594652
1594709
1594758
1594887
1594968
1594991
1595022
1595031
1595090
1595122
1595144
1595248
1595292
1595296
1595351
1595413
1595455
1595471
1595535
1595542
1595544
1595569
1595575
1595611
1595723
1595772
1595825
1596017
1596094
1596111
1596143
1596156
1596296
1596362
1596376
1596393
1596456
1596472
1596476
1596509
1596549
1596596
1596601
1596640
1596737
1596760
1596777
1596793
1596812
1596875
1596916
1596956
1597010
1597036
1597266
1597277
1597318
1597422
1597446
1597452
1597540
1597600
1597647
1597695
1597714
1597783
1597798
1597901
1597924
1597935
1597969
1597977
1598012
1598231
1598244
1598342
1598346
1598430
1598458
1598460
1598504
1598631
1598826
1598830
1598866
1598872
1598880
1598918
1599048
1599085
1599100
1599106
1599126
1599142
1599144
1599159
1599192
1599223
1599277
1599313
1599350
1599366
1599373
1599426
1599481
1599692
1599719
1599732
1599805
1599845
1599945
1600093
1600129
1600131
1600185
1600267
1600314
1600334
1600365
1600384
1600426
1600487
1600500
1600516
1600567
1600659
1600677
1600701
1600702
1600742
1600792
1600842
1600846
1600875
1600898
1601011
1601026
1601062
1601068
1601113
1601147
1601156
1601165
1601202
1601206
1601264
1601265
1601266
1601293
1601324
1601338
1601360
1601388
1601396
1601402
1601410
1601416
1601439
1601516
1601538
1601628
1601677
1601697
1601711
1601726
1601845
1601866
1601909
1601939
1601957
1601984
1601990
1602249
1602318
1602341
1602388
1602394
1602425
1602439
1602521
1602582
1602587
1602678
1602690
1602700
1602705
1602709
1602829
1602881
1602970
1603037
1603053
1603060
1603073
1603123
1603178
1603193
1603201
1603217
1603219
1603240
1603270
1603271
1603275
1603287
1603409
1603487
1603570
1603658
1603687
1603748
1603757
1603781
1603783
1603805
1603823
1603885
1603908
1603916
1603967
1603990
1604008
1604009
1604099
1604125
1604255
1604323
1604324
1604343
1604380
1604401
1604413
1604476
1604518
1604582
1604589
1604638
1604641
1604682
1604710
1604769
1604895
1604903
1604917
1605114
1605154
1605183
1605189
1605429
1605439
1605466
1605486
1605496
1605501
1605519
1605522
1605526
1605528
1605531
1605604
1605633
1605670
1605699
1605782
1605841
1605855
1605924
1605982
1605997
1606071
1606123
1606171
1606245
1606264
1606309
1606326
1606427
1606438
1606552
1606559
1606631
1606705
1606740
1606747
1606778
1606849
1606937
1606998
1607096
1607110
1607149
1607162
1607263
1607286
1607321
1607356
1607411
1607507
1607556
1607582
1607623
1607654
1607657
1607664
1607686
1607743
1607813
1607815
1607856
1607874
1607891
1607924
1607951
1607972
1608118
1608137
1608367
1608374
1608378
1608406
1608418
1608433
1608438
1608480
1608509
1608513
1608538
1608539
1608561
1608607
1608608
1608668
1608684
1608708
1608710
1608748
1608780
1608803
1608816
1608853
1608871
1608930
1609026
1609049
1609080
1609109
1609133
1609145
1609153
1609177
1609228
1609241
1609251
1609380
1609425
1609510
1609524
1609561
1609579
1609619
1609625
1609666
1609670
1609677
1609685
1609697
1609733
1609788
1609801
1609829
1609868
1609876
1609896
1610063
1610093
1610111
1610114
1610119
1610192
1610309
1610341
1610399
1610440
1610544
1610633
1610654
1610695
1610703
1610724
1610737
1610748
1610750
1610763
1610792
1610807
1610853
1610904
1610974
1611050
1611104
1611110
1611111
1611168
1611199
1611275
1611292
1611326
1611381
1611537
1611668
1611674
1611680
1611723
1611806
1611822
1611830
1611883
1611892
1611901
1611914
1611958
1612008
1612014
1612071
1612077
1612114
1612122
1612157
1612246
1612419
1612461
1612462
1612470
1612491
1612590
1612611
1612688
1612707
1612746
1612769
1612775
1612777
1612858
1612905
1612921
1612948
1612966
1612971
1613004
1613021
1613087
1613156
1613210
1613211
1613244
1613346
1613358
1613365
1613369
1613386
1613438
1613460
1613463
1613474
1613495
1613536
1613540
1613657
1613712
1613795
1613815
1613842
1613871
1614037
1614046
1614129
1614149
1614167
1614170
1614199
1614241
1614257
1614329
1614356
1614358
1614367
1614375
1614383
1614390
1614416
1614491
1614501
1614510
1614522
1614647
1614714
1614791
1614803
1614819
1614836
1614894
1614941
1615013
1615016
1615043
1615098
1615103
1615115
1615254
1615269
1615390
1615447
1615448
1615449
1615466
1615473
1615519
1615556
1615581
1615590
1615592
1615598
1615629
1615669
1615675
1615715
1615739
1615754
1615762
1615801
1615849
1615867
1615868
1615932
1615957
1615963
1615995
1616042
1616118
1616126
1616135
1616138
1616188
1616200
1616334
1616377
1616427
1616428
1616440
1616590
1616598
1616609
1616657
1616661
1616666
1616684
1616737
1616763
1616774
1616845
1616850
1616867
1616909
1616959
1617050
1617125
1617143
1617236
1617255
1617272
1617297
1617302
1617309
1617313
1617322
1617352
1617377
1617380
1617400
1617402
1617418
1617479
1617489
1617524
1617532
1617536
1617563
1617654
1617710
1618184
1618278
1618340
1618351
1618364
1618383
1618406
1618514
1618540
1618548
1618549
1618550
1618567
1618601
1618607
1618613
1618625
1618632
1618701
1618705
1618806
1618842
1618843
1618861
1618988
1619001
1619035
1619054
1619153
1619395
1619400
1619425
1619483
1619525
1619577
1619624
1619634
1619686
1619722
1619723
1619759
1619791
1619862
1619933
1619935
1619993
1620105
1620142
1620209
1620266
1620331
1620384
1620385
1620401
1620490
1620494
1620535
1620539
1620602
1620604
1620652
1620690
1620696
1620710
1620718
1620744
1620757
1620790
1620791
1620795
1620853
1620872
1620897
1620921
1620927
1620939
1620954
1621081
1621103
1621108
1621112
1621129
1621187
1621241
1621350
1621368
1621389
1621477
1621488
1621531
1621607
1621661
1621666
1621701
1621718
1621723
1621731
1621799
1621814
1621835
1621861
1621902
1621932
1621933
1621957
1621973
1621975
1621978
1621983
1621998
1622079
1622152
1622181
1622206
1622222
1622373
1622415
1622457
1622458
1622566
1622571
1622637
1622655
1622699
1622724
1622740
1622805
1622821
1622977
1622990
1623022
1623038
1623070
1623157
1623233
1623262
1623317
1623338
1623352
1623360
1623409
1623525
1623530
1623574
1623596
1623641
1623708
1623718
1623733
1623753
1623801
1623815
1623816
1623864
1623870
1623890
1623898
1623925
1623965
1623992
1624009
1624071
1624096
1624098
1624103
1624141
1624229
1624247
1624253
1624304
1624327
1624363
1624370
1624408
1624422
1624475
1624514
1624521
1624535
1624537
1624543
1624591
1624719
1624725
1624809
1624820
1624907
1624931
1624966
1625017
1625143
1625169
1625231
1625260
1625264
1625328
1625364
1625373
1625412
1625438
1625513
1625553
1625559
1625639
1625726
1625744
1625782
1625825
1625838
1625866
1625902
1626139
1626173
1626175
1626415
1626455
1626465
1626468
1626471
1626509
1626515
1626543
1626562
1626692
1626735
1626750
1626807
1626871
1626971
1626988
1627039
1627116
1627182
1627222
1627254
1627255
1627257
1627311
1627343
1627404
1627426
1627439
1627502
1627522
1627570
1627594
1627640
1627642
1627650
1627675
1627687
1627692
1627937
1627965
1627989
1627995
1628009
1628030
1628063
1628183
1628264
1628300
1628311
1628348
1628366
1628421
1628425
1628435
1628492
1628504
1628587
1628599
1628661
1628685
1628794
1628816
1628853
1628894
1628926
1629008
1629063
1629090
1629137
1629172
1629188
1629192
1629220
1629238
1629330
1629365
1629387
1629396
1629411
1629545
1629550
1629554
1629573
1629584
1629587
1629608
1629610
1629675
1629817
1629821
1629867
1629880
1629937
1630100
1630115
1630166
1630282
1630289
1630307
1630372
1630394
1630547
1630549
1630745
1630750
1630765
1630773
1630786
1630853
1630928
1630978
1630992
1630997
1631030
1631041
1631091
1631244
1631330
1631373
1631395
1631404
1631411
1631547
1631591
1631657
1631659
1631704
1631714
1631854
1631881
1631883
1631930
1631962
1631991
1632215
1632250
1632326
1632367
1632463
1632472
1632477
1632494
1632505
1632521
1632558
1632569
1632591
1632605
1632681
1632696
1632766
1632788
1632811
1632814
1632838
1632841
1632883
1633017
1633030
1633050
1633103
1633205
1633225
1633241
1633261
1633319
1633320
1633337
1633349
1633429
1633430
1633471
1633512
1633516
1633644
1633659
1633753
1633952
1633977
1634146
1634157
1634246
1634274
1634283
1634314
1634380
1634410
1634481
1634512
1634534
1634578
1634621
1634624
1634639
1634696
1634719
1634749
1634750
1634794
1634846
1634867
1634876
1634881
1635043
1635053
1635140
1635154
1635220
1635264
1635359
1635364
1635391
1635409
1635459
1635472
1635569
1635576
1635603
1635689
1635711
1635732
1635804
1635819
1635845
1635866
1635899
1635905
1635911
1635956
1635957
1635986
1636084
1636091
1636149
1636236
1636241
1636271
1636320
1636351
1636413
1636467
1636490
1636491
1636570
1636715
1636741
1636821
1636922
1636990
1637020
1637025
1637111
1637112
1637147
1637320
1637354
1637428
1637442
1637500
1637664
1637674
1637683
1637684
1637686
1637768
1637792
1637804
1637843
1637846
1637865
1637868
1637872
1637874
1637904
1637943
1637969
1638043
1638044
1638059
1638078
1638098
1638121
1638135
1638146
1638182
1638184
1638197
1638223
1638234
1638273
1638277
1638290
1638314
1638354
1638356
1638424
1638447
1638474
1638500
1638516
1638522
1638541
1638593
1638647
1638688
1638697
1638705
1638761
1638859
1638865
1638872
1638919
1638923
1638929
1638952
1638984
1638993
1639126
1639142
1639149
1639176
1639181
1639188
1639190
1639198
1639208
1639214
1639231
1639235
1639248
1639283
1639289
1639311
1639348
1639350
1639361
1639434
1639467
1639484
1639515
1639527
1639588
1639637
1639754
1639777
1639798
1639806
1639817
1639836
1639843
1639859
1639903
1639905
1639916
1639927
1639981
1639990
1639999
1640010
1640017
1640047
1640090
1640106
1640128
1640155
1640180
1640188
1640208
1640215
1640224
1640247
1640258
1640271
1640316
1640323
1640340
1640347
1640355
1640364
1640376
1640435
1640442
1640447
1640511
1640529
1640573
1640587
1640609
1640628
1640636
1640654
1640659
1640688
1640732
1640789
1640802
1640813
1640814
1640820
1640864
1640919
1640947
1640959
1640961
1640978
1640998
1641028
1641031
1641052
1641101
1641106
1641110
1641126
1641176
1641177
1641178
1641229
1641267
1641271
1641313
1641332
1641379
1641380
1641405
1641406
1641416
1641419
1641420
1641435
1641439
1641453
1641458
1641470
1641474
1641508
1641536
1641554
1641565
1641576
1641648
1641722
1641775
1641788
1641842
1641849
1641852
1641862
1641918
1641941
1641951
1641955
1641960
1641966
1641971
1641977
1641996
1641999
1642038
1642050
1642054
1642096
1642103
1642105
1642124
1642125
1642140
1642196
1642242
1642272
1642282
1642327
1642367
1642386
1642400
1642411
1642412
1642417
1642475
1642499
1642519
1642540
1642560
1642573
1642614
1642639
1642643
1642645
1642700
1642720
1642751
1642753
1642761
1642771
1642792
1642807
1642835
1642882
1642893
1642935
1642936
1642974
1642979
1643003
1643005
1643046
1643130
1643152
1643186
1643187
1643189
1643203
1643248
1643274
1643289
1643314
1643324
1643339
1643344
1643353
1643430
1643462
1643468
1643470
1643477
1643487
1643502
1643505
1643511
1643570
1643579
1643604
1643651
1643656
1643674
1643678
1643681
1643682
1643699
1643708
1643739
1643790
1643804
1643825
1643827
1643830
1643836
1643859
1643861
1643905
1643907
1643913
1643918
1643927
1643953
1643966
1643982
1644035
1644054
1644055
1644065
1644087
1644092
1644110
1644112
1644142
1644146
1644204
1644272
1644322
1644325
1644326
1644349
1644357
1644358
1644397
1644402
1644407
1644413
1644422
1644435
1644476
1644503
1644506
1644523
1644542
1644620
1644669
1644671
1644706
1644711
1644722
1644742
1644744
1644782
1644787
1644828
1644859
1644878
1644909
1644910
1644918
1644939
1644994
1645005
1645009
1645047
1645048
1645052
1645060
1645062
1645080
1645153
1645205
1645251
1645262
1645282
1645313
1645329
1645354
1645360
1645420
1645425
1645430
1645463
1645497
1645509
1645557
1645569
1645589
1645602
1645635
1645662
1645677
1645789
1645836
1645841
1645847
1645852
1645854
1645866
1645896
1645935
1645942
1645943
1645957
1645965
1645971
1645982
1646008
1646012
1646023
1646037
1646042
1646046
1646103
1646104
1646121
1646164
1646170
1646171
1646189
1646212
1646237
1646254
1646270
1646278
1646350
1646362
1646364
1646403
1646409
1646469
1646477
1646479
1646521
1646535
1646559
1646566
1646579
1646597
1646629
1646673
1646707
1646711
1646716
1646722
1646746
1646768
1646797
1646808
1646844
1646853
1646876
1646884
1646914
1646934
1646988
1646994
1647072
1647082
1647087
1647100
1647104
1647149
1647169
1647190
1647221
1647242
1647253
1647331
1647366
1647390
1647406
1647455
1647466
1647484
1647487
1647491
1647585
1647598
1647628
1647636
1647659
1647669
1647719
1647723
1647746
1647790
1647838
1647881
1647911
1647914
1647929
1647932
1647952
1647962
1647988
1648016
1648028
1648029
1648041
1648048
1648053
1648068
1648099
1648102
1648127
1648136
1648167
1648187
1648216
1648231
1648250
1648251
1648267
1648304
1648328
1648369
1648398
1648407
1648486
1648492
1648512
1648673
1648705
1648716
1648733
1648738
1648740
1648744
1648746
1648759
1648769
1648776
1648788
1648790
1648807
1648840
1648851
1648853
1648889
1648896
1648913
1648921
1648928
1648931
1648943
1648956
1648979
1649008
1649022
1649054
1649084
1649126
1649141
1649154
1649167
1649209
1649216
1649248
1649262
1649275
1649310
1649391
1649435
1649457
1649458
1649459
1649500
1649507
1649562
1649572
1649597
1649607
1649612
1649614
1649626
1649645
1649658
1649713
1649742
1649747
1649751
1649753
1649759
1649798
1649842
1649911
1649942
1649963
1649972
1649990
1650036
1650048
1650063
1650088
1650113
1650115
1650130
1650147
1650157
1650211
1650258
1650263
1650270
1650319
1650324
1650338
1650382
1650389
1650486
1650530
1650610
1650614
1650628
1650655
1650673
1650723
1650729
1650796
1650821
1650899
1650905
1650909
1650926
1650938
1650952
1651049
1651076
1651097
1651124
1651167
1651172
1651174
1651248
1651276
1651296
1651301
1651313
1651363
1651367
1651423
1651481
1651504
1651505
1651511
1651534
1651535
1651564
1651588
1651607
1651704
1651729
1651823
1651870
1651914
1651938
1651951
1652034
1652038
1652039
1652058
1652067
1652073
1652075
1652126
1652139
1652183
1652196
1652200
1652205
1652250
1652284
1652303
1652311
1652352
1652355
1652359
1652415
1652420
1652423
1652481
1652531
1652540
1652556
1652581
1652592
1652607
1652623
1652624
1652645
1652650
1652669
1652695
1652699
1652719
1652761
1652775
1652806
1652814
1652829
1652834
1652840
1652849
1652855
1652880
1652905
1652910
1652965
1652991
1652997
1653001
1653010
1653036
1653042
1653069
1653079
1653083
1653109
1653133
1653138
1653140
1653182
1653204
1653205
1653206
1653222
1653225
1653232
1653238
1653250
1653265
1653280
1653297
1653299
1653329
1653335
1653343
1653414
1653437
1653462
1653467
1653475
1653504
1653540
1653574
1653601
1653605
1653662
1653674
1653678
1653679
1653691
1653698
1653737
1653760
1653779
1653796
1653832
1653839
1653871
1653879
1653917
1653920
1653957
1653977
1654004
1654041
1654042
1654070
1654080
1654090
1654104
1654115
1654133
1654135
1654140
1654175
1654182
1654186
1654234
1654236
1654267
1654280
1654328
1654373
1654376
1654400
1654403
1654422
1654457
1654515
1654520
1654531
1654550
1654600
1654612
1654619
1654651
1654655
1654658
1654687
1654688
1654695
1654699
1654709
1654738
1654743
1654862
1654864
1654882
1654944
1654990
1654991
1654992
1655005
1655010
1655041
1655074
1655104
1655109
1655115
1655123
1655165
1655247
1655253
1655268
1655273
1655324
1655353
1655369
1655417
1655431
1655461
1655478
1655500
1655518
1655561
1655572
1655587
1655622
1655652
1655661
1655666
1655673
1655679
1655683
1655685
1655752
1655758
1655786
1655791
1655814
1655823
1655824
1655829
1655859
1655900
1655905
1655946
1655963
1655971
1655981
1655985
1656028
1656079
1656090
1656099
1656119
1656132
1656168
1656194
1656199
1656203
1656212
1656217
1656225
1656243
1656261
1656266
1656279
1656304
1656358
1656359
1656383
1656406
1656407
1656416
1656429
1656456
1656459
1656463
1656496
1656507
1656534
1656546
1656551
1656560
1656577
1656602
1656624
1656665
1656723
1656749
1656755
1656756
1656827
1656829
1656839
1656854
1656897
1656907
1656926
1656942
1656947
1656950
1656975
1657004
1657023
1657041
1657061
1657089
1657118
1657193
1657197
1657220
1657255
1657302
1657316
1657369
1657396
1657406
1657417
1657427
1657518
1657536
1657579
1657598
1657610
1657633
1657634
1657643
1657646
1657656
1657697
1657712
1657716
1657823
1657836
1657875
1657908
1657921
1657937
1657961
1657977
1658021
1658044
1658053
1658088
1658111
1658118
1658137
1658142
1658184
1658204
1658212
1658214
1658285
1658296
1658315
1658325
1658354
1658364
1658404
1658410
1658446
1658464
1658468
1658474
1658484
1658499
1658500
1658516
1658519
1658548
1658560
1658566
1658599
1658601
1658619
1658633
1658704
1658712
1658765
1658775
1658776
1658838
1658856
1658870
1658876
1658889
1658890
1658917
1658941
1658948
1659051
1659064
1659088
1659092
1659161
1659174
1659198
1659207
1659228
1659258
1659262
1659271
1659275
1659322
1659332
1659338
1659393
1659401
1659402
1659407
1659453
1659456
1659458
1659470
1659478
1659483
1659502
1659504
1659511
1659518
1659571
1659581
1659605
1659692
1659697
1659819
1659823
1659828
1659876
1659881
1659896
1659910
1659915
1659918
1659998
1660007
1660016
1660027
1660031
1660046
1660050
1660055
1660124
1660126
1660144
1660158
1660163
1660188
1660192
1660196
1660214
1660223
1660242
1660251
1660291
1660299
1660314
1660343
1660360
1660361
1660476
1660482
1660504
1660523
1660527
1660542
1660579
1660581
1660585
1660661
1660697
1660718
1660794
1660807
1660827
1660863
1660870
1660874
1660891
1660905
1660936
1660980
1661017
1661037
1661044
1661110
1661118
1661120
1661235
1661242
1661310
1661360
1661384
1661396
1661425
1661434
1661435
1661442
1661445
1661452
1661458
1661561
1661583
1661643
1661648
1661649
1661651
1661742
1661745
1661770
1661819
1661821
1661865
1661914
1661953
1661987
1662014
1662015
1662031
1662058
1662125
1662140
1662148
1662149
1662159
1662191
1662216
1662229
1662258
1662259
1662297
1662341
1662362
1662375
1662378
1662388
1662393
1662453
1662454
1662462
1662499
1662525
1662546
1662559
1662568
1662604
1662616
1662622
1662629
1662639
1662646
1662770
1662785
1662802
1662803
1662804
1662881
1662886
1662950
1663013
1663047
1663068
1663069
1663081
1663122
1663198
1663236
1663259
1663280
1663293
1663338
1663346
1663353
1663374
1663391
1663412
1663437
1663439
1663521
1663530
1663585
1663628
1663637
1663647
1663665
1663672
1663700
1663707
1663781
1663795
1663806
1663863
1663876
1663888
1663900
1663936
1663954
1663959
1664009
1664059
1664077
1664080
1664081
1664196
1664208
1664221
1664235
1664257
1664275
1664278
1664279
1664289
1664292
1664341
1664425
1664452
1664469
1664474
1664489
1664510
1664518
1664534
1664544
1664546
1664548
1664584
1664675
1664697
1664765
1664778
1664802
1664832
1664844
1664849
1664892
1664924
1664947
1664969
1665012
1665058
1665076
1665114
1665121
1665126
1665127
1665150
1665152
1665153
1665164
1665224
1665227
1665233
1665269
1665280
1665283
1665285
1665367
1665368
1665381
1665391
1665428
1665435
1665442
1665450
1665456
1665516
1665537
1665548
1665581
1665623
1665624
1665625
1665630
1665663
1665690
1665781
1665783
1665784
1665789
1665808
1665810
1665824
1665831
1665843
1665847
1665885
1665913
1665920
1665971
1665980
1666048
1666061
1666118
1666121
1666130
1666139
1666157
1666169
1666186
1666247
1666250
1666356
1666359
1666370
1666392
1666449
1666470
1666478
1666523
1666528
1666557
1666564
1666576
1666641
1666664
1666674
1666712
1666733
1666752
1666764
1666879
1666883
1666945
1666950
1666961
1666989
1667012
1667041
1667070
1667107
1667110
1667125
1667136
1667153
1667156
1667195
1667205
1667331
1667388
1667390
1667416
1667438
1667462
1667467
1667483
1667506
1667516
1667537
1667590
1667603
1667606
1667620
1667643
1667664
1667725
1667726
1667739
1667744
1667754
1667761
1667810
1667840
1667881
1667916
1667928
1667961
1667973
1667976
1667996
1668011
1668012
1668065
1668088
1668095
1668099
1668132
1668135
1668149
1668163
1668230
1668254
1668256
1668265
1668296
1668330
1668347
1668386
1668401
1668405
1668425
1668463
1668478
1668493
1668508
1668527
1668614
1668629
1668657
1668667
1668700
1668722
1668741
1668745
1668754
1668758
1668762
1668822
1668918
1668923
1668995
1669010
1669032
1669045
1669058
1669073
1669113
1669116
1669137
1669138
1669158
1669179
1669212
1669275
1669296
1669307
1669310
1669324
1669348
1669379
1669388
1669421
1669448
1669458
1669478
1669526
1669537
1669555
1669593
1669611
1669634
1669658
1669672
1669713
1669749
1669761
1669764
1669775
1669777
1669791
1669817
1669824
1669825
1669827
1669924
1669963
1670001
1670002
1670057
1670059
1670094
1670109
1670113
1670120
1670165
1670171
1670213
1670241
1670255
1670286
1670323
1670389
1670407
1670447
1670454
1670468
1670533
1670601
1670613
1670644
1670685
1670687
1670703
1670751
1670785
1670796
1670799
1670808
1670815
1670834
1670860
1670871
1670885
1670894
1670915
1670922
1670949
1671014
1671015
1671045
1671100
1671103
1671111
1671130
1671158
1671176
1671225
1671256
1671285
1671289
1671323
1671329
1671348
1671354
1671361
1671368
1671369
1671433
1671467
1671484
1671490
1671494
1671497
1671525
1671528
1671535
1671543
1671553
1671563
1671577
1671678
1671695
1671709
1671711
1671717
1671734
1671741
1671748
1671781
1671809
1671824
1671847
1671863
1671883
1671927
1671929
1671944
1671956
1672022
1672055
1672090
1672107
1672121
1672123
1672124
1672172
1672175
1672232
1672257
1672267
1672276
1672370
1672385
1672407
1672514
1672525
1672536
1672549
1672572
1672661
1672674
1672698
1672705
1672762
1672817
1672909
1672910
1672953
1673011
1673013
1673041
1673061
1673079
1673092
1673160
1673193
1673213
1673230
1673237
1673252
1673276
1673319
1673322
1673323
1673409
1673425
1673551
1673601
1673748
1673751
1673778
1673797
1673807
1673849
1673870
1673931
1674122
1674155
1674212
1674589
1674728
1674744
1674790
1674866
1674879
1674953
1674955
1675173
1675188
1675190
1675211
1675234
1675371
1675372
1675410
1675435
1675490
1675583
1675614
1675642
1675650
1675679
1675839
1675891
1676040
1676077
1676118
1676205
1676211
1676258
1676262
1676414
1676445
1676452
1676674
1676745
1676834
1676908
1676958
1676972
1676978
1677043
1677085
1677086
1677218
1677252
1677304
1677319
1677334
1677336
1677337
1677353
1677375
1677397
1677428
1677445
1677451
1677457
1677460
1677506
1677515
1677552
1677553
1677554
1677566
1677571
1677649
1677679
1677726
1677864
1677954
1678029
1678030
1678123
1678171
1678209
1678310
1678486
1678498
1678535
1678615
1678718
1678817
1678846
1678902
1678935
1678947
1678973
1679151
1679155
1679157
1679196
1679218
1679484
1679611
1679651
1679721
1679726
1679752
1679777
1679821
1679964
1680011
1680029
1680116
1680203
1680215
1680247
1680264
1680278
1680305
1680316
1680326
1680338
1680444
1680466
1680494
1680559
1680657
1680693
1680701
1680721
1680723
1680776
1680780
1680817
1680862
1681016
1681038
1681057
1681073
1681119
1681132
1681187
1681200
1681275
1681395
1681399
1681472
1681603
1681621
1681694
1681733
1681819
1682018
1682223
1682229
1682331
1682340
1682393
1682413
1682497
1682506
1682545
1682577
1682610
1682723
1682787
1682845
1683027
1683029
1683063
1683082
1683090
1683091
1683103
1683172
1683227
1683246
1683274
1683403
1683424
1683503
1683596
1683705
1683717
1683735
1683757
1683799
1683820
1683853
1683973
1683983
1684040
1684119
1684128
1684135
1684221
1684227
1684267
1684319
1684392
1684470
1684483
1684486
1684588
1684678
1684713
1684746
1684790
1684808
1684854
1684860
1684866
1684907
1684963
1684988
1684997
1685010
1685091
1685147
1685173
1685185
1685188
1685244
1685505
1685674
1685918
1685954
1685982
1686024
1686027
1686101
1686148
1686175
1686287
1686298
1686332
1686346
1686376
1686377
1686385
1686404
1686414
1686417
1686445
1686506
1686510
1686520
1686614
1686712
1686785
1686814
1686846
1686941
1686955
1686962
1686984
1687041
1687079
1687087
1687146
1687189
1687202
1687218
1687235
1687273
1687388
1687443
1687560
1687563
1687811
1687871
1687922
1687972
1687997
1688000
1688008
1688018
1688071
1688073
1688137
1688158
1688180
1688197
1688294
1688314
1688330
1688376
1688534
1688548
1688587
1688624
1688628
1688673
1688755
1688787
1688813
1688884
1688890
1688909
1688926
1688956
1689109
1689124
1689170
1689298
1689331
1689372
1689407
1689512
1689654
1689812
1689825
1689838
1689842
1689855
1689871
1689900
1689904
1689919
1689996
1690061
1690096
1690110
1690121
1690154
1690162
1690262
1690266
1690342
1690361
1690366
1690380
1690394
1690481
1690582
1690688
1690702
1690808
1690830
1690895
1690942
1690975
1691007
1691064
1691088
1691163
1691194
1691198
1691227
1691402
1691404
1691406
1691412
1691442
1691445
1691491
1691523
1691548
1691581
1691661
1691680
1691739
1691808
1691841
1691850
1691863
1691882
1691892
1691946
1691962
1691971
1691996
1692011
1692115
1692147
1692159
1692170
1692208
1692259
1692271
1692292
1692322
1692385
1692427
1692441
1692465
1692533
1692553
1692580
1692594
1692666
1692684
1692717
1692727
1692728
1692732
1692738
1692752
1692790
1692866
1692902
1692914
1692924
1692927
1692968
1693019
1693054
1693084
1693093
1693098
1693153
1693185
1693211
1693212
1693238
1693319
1693338
1693353
1693374
1693405
1693438
1693494
1693530
1693617
1693682
1693693
1693709
1693734
1693743
1693758
1693878
1693888
1693982
1693991
1694051
1694059
1694067
1694097
1694117
1694118
1694176
1694179
1694193
1694196
1694203
1694229
1694240
1694248
1694273
1694301
1694309
1694322
1694332
1694353
1694358
1694365
1694377
1694410
1694432
1694437
1694439
1694467
1694475
1694478
1694493
1694523
1694593
1694621
1694673
1694693
1694758
1694761
1694876
1694888
1694916
1694919
1694946
1694968
1694977
1695002
1695020
1695029
1695033
1695059
1695061
1695067
1695094
1695116
1695126
1695127
1695203
1695221
1695230
1695241
1695256
1695263
1695277
1695285
1695288
1695298
1695316
1695401
1695417
1695418
1695421
1695445
1695550
1695569
1695586
1695636
1695687
1695710
1695713
1695739
1695778
1695784
1695787
1695806
1695940
1696050
1696056
1696073
1696080
1696086
1696096
1696124
1696146
1696263
1696291
1696302
1696359
1696397
1696401
1696495
1696511
1696535
1696564
1696575
1696588
1696631
1696651
1696677
1696738
1696750
1696763
1696801
1696820
1696824
1696892
1696927
1696982
1696987
1697016
1697074
1697080
1697094
1697103
1697105
1697155
1697168
1697184
1697228
1697289
1697347
1697384
1697493
1697524
1697526
1697531
1697568
1697574
1697605
1697611
1697616
1697650
1697714
1697796
1697812
1697828
1697857
1697862
1697954
1697958
1697986
1697996
1698018
1698029
1698041
1698079
1698090
1698174
1698187
1698200
1698201
1698213
1698222
1698238
1698273
1698281
1698290
1698305
1698337
1698343
1698354
1698387
1698388
1698418
1698475
1698514
1698527
1698598
1698603
1698648
1698721
1698736
1698761
1698809
1698849
1698880
1698896
1698949
1699006
1699025
1699046
1699077
1699090
1699104
1699121
1699177
1699217
1699227
1699313
1699328
1699340
1699363
1699375
1699378
1699400
1699411
1699424
1699430
1699439
1699452
1699464
1699476
1699504
1699516
1699522
1699558
1699622
1699724
1699726
1699743
1699753
1699766
1699772
1699799
1699809
1699950
1699953
1699967
1700010
1700015
1700025
1700030
1700042
1700066
1700174
1700182
1700285
1700330
1700331
1700385
1700402
1700425
1700637
1700664
1700716
1700811
1700838
1700877
1700879
1700940
1700981
1700996
1701001
1701047
1701092
1701104
1701112
1701138
1701171
1701182
1701219
1701250
1701270
1701278
1701334
1701341
1701401
1701423
1701461
1701465
1701524
1701543
1701565
1701567
1701579
1701589
1701664
1701681
1701747
1701817
1701818
1701840
1701876
1701881
1701889
1701894
1701988
1701992
1702031
1702048
1702062
1702109
1702151
1702168
1702169
1702177
1702212
1702225
1702320
1702365
1702386
1702393
1702437
1702490
1702510
1702545
1702560
1702569
1702583
1702594
1702610
1702612
1702623
1702629
1702634
1702652
1702706
1702746
1702768
1702780
1702806
1702828
1702883
1702905
1702918
1702921
1702938
1702999
1703018
1703048
1703071
1703078
1703081
1703084
1703150
1703203
1703263
1703421
1703474
1703540
1703548
1703593
1703614
1703656
1703678
1703691
1703720
1703732
1703742
1703821
1703843
1703853
1703872
1703901
1703927
1703928
1703959
1703983
1703997
1704049
1704056
1704058
1704063
1704092
1704128
1704134
1704137
1704234
1704308
1704322
1704342
1704369
1704390
1704397
1704411
1704428
1704438
1704480
1704527
1704537
1704633
1704665
1704741
1704774
1704785
1704817
1704924
1704971
1704972
1704995
1705020
1705083
1705105
1705161
1705188
1705189
1705275
1705284
1705362
1705370
1705374
1705384
1705391
1705422
1705574
1705599
1705641
1705652
1705655
1705699
1705738
1705746
1705772
1705792
1705827
1705831
1705849
1705931
1705938
1705999
1706020
1706049
1706186
1706191
1706200
1706261
1706268
1706321
1706340
1706347
1706380
1706535
1706555
1706646
1706653
1706657
1706670
1706676
1706696
1706699
1706701
1706711
1706734
1706753
1706779
1706839
1706859
1706870
1706875
1706876
1706891
1706895
1706970
1707015
1707021
1707070
1707125
1707162
1707165
1707180
1707191
1707236
1707241
1707258
1707312
1707337
1707355
1707412
1707441
1707492
1707494
1707583
1707588
1707590
1707591
1707594
1707636
1707696
1707742
1707785
1707801
1707865
1707868
1707879
1707905
1707916
1708006
1708039
1708042
1708084
1708096
1708218
1708308
1708411
1708485
1708503
1708511
1708520
1708551
1708560
1708598
1708643
1708710
1708717
1708730
1708753
1708771
1708794
1708836
1708837
1708839
1708929
1708939
1708959
1708998
1709007
1709057
1709107
1709143
1709302
1709311
1709387
1709390
1709410
1709435
1709464
1709494
1709501
1709513
1709534
1709556
1709562
1709574
1709595
1709603
1709730
1709752
1709774
1709785
1709791
1709851
1709928
1710037
1710082
1710174
1710225
1710346
1710349
1710353
1710360
1710379
1710387
1710395
1710398
1710405
1710431
1710484
1710494
1710617
1710620
1710621
1710631
1710696
1710705
1710760
1710874
1711018
1711020
1711112
1711115
1711117
1711174
1711209
1711214
1711247
1711277
1711278
1711312
1711321
1711402
1711439
1711442
1711450
1711477
1711552
1711578
1711580
1711589
1711590
1711648
1711653
1711725
1711736
1711773
1711868
1711870
1711894
1711959
1711960
1711969
1711977
1712012
1712042
1712047
1712059
1712085
1712107
1712117
1712122
1712254
1712327
1712344
1712361
1712423
1712441
1712442
1712497
1712545
1712593
1712644
1712669
1712692
1712713
1712732
1712753
1712771
1712782
1712797
1712807
1712838
1712839
1712850
1712862
1712882
1712885
1712886
1712896
1712928
1712940
1712951
1713002
1713050
1713053
1713106
1713128
1713211
1713246
1713275
1713281
1713304
1713353
1713373
1713402
1713408
1713527
1713701
1713797
1713889
1713916
1713931
1713969
1714114
1714120
1714137
1714141
1714162
1714190
1714300
1714333
1714393
1714399
1714403
1714427
1714446
1714499
1714524
1714531
1714542
1714553
1714554
1714560
1714581
1714597
1714670
1714695
1714750
1714823
1714895
1714943
1714953
1714981
1715117
1715140
1715185
1715226
1715241
1715244
1715267
1715309
1715331
1715464
1715523
1715553
1715569
1715584
1715628
1715648
1715670
1715719
1715729
1715764
1715773
1715793
1715803
1715805
1715813
1715895
1715900
1715915
1715923
1715926
1715946
1715954
1716004
1716053
1716059
1716061
1716067
1716126
1716143
1716293
1716294
1716365
1716371
1716399
1716430
1716442
1716479
1716612
1716674
1716678
1716702
1716787
1716789
1716795
1716835
1716908
1716911
1716915
1717009
1717013
1717017
1717021
1717057
1717088
1717151
1717152
1717157
1717186
1717197
1717238
1717239
1717244
1717289
1717332
1717352
1717357
1717393
1717430
1717444
1717472
1717489
1717559
1717565
1717566
1717602
1717628
1717689
1717708
1717880
1717909
1717917
1717938
1717955
1717965
1717972
1718016
1718048
1718073
1718100
1718102
1718161
1718223
1718340
1718408
1718438
1718476
1718488
1718580
1718653
1718668
1718712
1718719
1718725
1718753
1718806
1718813
1718833
1718859
1718871
1718895
1718909
1718983
1719004
1719027
1719042
1719078
1719195
1719229
1719273
1719354
1719412
1719524
1719541
1719552
1719627
1719769
1719831
1719834
1719840
1719885
1719898
1719917
1719944
1720053
1720075
1720102
1720171
1720218
1720240
1720392
1720444
1720521
1720551
1720647
1720781
1720911
1720924
1721104
1721132
1721135
1721147
1721149
1721168
1721292
1721305
1721332
1721372
1721383
1721387
1721439
1721450
1721482
1721520
1721550
1721661
1721678
1721709
1721773
1721777
1721797
1721852
1721861
1721890
1721986
1722079
1722092
1722193
1722239
1722276
1722299
1722301
1722346
1722436
1722470
1722513
1722577
1722659
1722663
1722710
1722727
1722740
1722747
1722800
1722834
1722837
1722871
1722955
1722971
1722973
1722976
1723018
1723085
1723098
1723117
1723151
1723165
1723169
1723418
1723439
1723555
1723584
1723719
1723763
1723789
1723790
1723834
1723889
1723989
1724001
1724090
1724178
1724185
1724237
1724289
1724295
1724315
1724319
1724346
1724377
1724387
1724462
1724469
1724485
1724523
1724528
1724550
1724600
1724628
1724673
1724690
1724706
1724763
1724783
1724820
1724888
1724910
1724950
1724972
1725037
1725041
1725072
1725112
1725167
1725169
1725196
1725203
1725347
1725365
1725420
1725443
1725519
1725546
1725645
1725652
1725711
1725749
1725796
1725866
1725902
1725910
1725996
1726004
1726130
1726192
1726203
1726212
1726222
1726227
1726244
1726276
1726281
1726315
1726338
1726424
1726639
1726656
1726703
1726723
1726733
1726756
1726765
1726779
1726843
1726849
1726885
1726914
1726937
1727036
1727085
1727099
1727146
1727326
1727343
1727363
1727371
1727439
1727454
1727489
1727493
1727618
1727621
1727637
1727643
1727652
1727656
1727667
1727796
1727801
1727818
1727886
1727952
1728000
1728037
1728128
1728178
1728201
1728204
1728277
1728309
1728354
1728482
1728547
1728600
1728601
1728606
1728618
1728644
1728683
1728730
1728733
1728757
1728796
1728804
1728816
1728903
1729011
1729032
1729096
1729140
1729146
1729173
1729180
1729209
1729228
1729240
1729251
1729397
1729405
1729409
1729463
1729488
1729561
1729590
1729657
1729658
1729723
1729762
1729855
1729860
1729884
1729899
1729955
1729991
1729999
1730129
1730162
1730186
1730187
1730259
1730269
1730362
1730566
1730712
1730763
1730806
1730883
1730961
1730976
1730979
1731079
1731126
1731129
1731143
1731197
1731247
1731248
1731395
1731486
1731514
1731531
1731546
1731701
1731828
1731884
1731891
1731927
1731939
1731956
1731957
1731969
1731983
1731988
1732024
1732035
1732060
1732081
1732128
1732131
1732133
1732136
1732192
1732264
1732268
1732317
1732355
1732366
1732378
1732633
1732811
1732815
1732854
1732908
1732912
1732944
1732966
1733026
1733058
1733087
1733091
1733134
1733146
1733189
1733191
1733201
1733223
1733228
1733259
1733286
1733366
1733391
1733429
1733474
1733517
1733527
1733588
1733644
1733660
1733738
1733820
1733829
1734090
1734116
1734207
1734273
1734365
1734391
1734402
1734471
1734556
1734571
1734636
1734657
1734671
1734691
1734693
1734794
1734799
1734819
1734927
1734968
1734983
1735000
1735016
1735030
1735065
1735139
1735204
1735314
1735332
1735399
1735599
1735724
1735772
1735809
1735831
1735832
1735893
1735957
1735975
1735991
1736061
1736119
1736181
1736192
1736223
1736271
1736420
1736445
1736503
1736533
1736577
1736610
1736724
1736746
1736753
1736872
1736887
1736949
1737019
1737027
1737056
1737254
1737306
1737367
1737416
1737469
1737500
1737673
1737699
1737738
1737745
1737826
1737858
1737902
1737937
1737939
1737951
1737976
1738001
1738030
1738032
1738045
1738112
1738187
1738239
1738281
1738315
1738319
1738399
1738426
1738508
1738573
1738592
1738629
1738647
1738688
1738692
1738722
1738766
1738798
1738819
1738828
1738850
1738874
1738885
1738897
1738911
1738917
1738920
1739018
1739029
1739064
1739073
1739139
1739239
1739344
1739350
1739542
1739547
1739636
1739643
1739676
1739683
1739720
1739729
1739749
1739768
1739774
1739858
1739881
1740036
1740047
1740182
1740184
1740207
1740273
1740279
1740328
1740353
1740455
1740535
1740543
1740550
1740558
1740789
1740791
1740797
1740819
1740859
1740892
1740898
1740930
1740949
1740950
1740974
1740996
1741014
1741034
1741109
1741118
1741168
1741185
1741213
1741222
1741225
1741267
1741271
1741294
1741299
1741327
1741340
1741342
1741343
1741390
1741407
1741442
1741522
1741560
1741570
1741650
1741671
1741679
1741707
1741742
1741798
1741834
1741891
1741974
1742014
1742026
1742031
1742045
1742051
1742086
1742105
1742116
1742216
1742307
1742343
1742353
1742363
1742416
1742471
1742492
1742543
1742566
1742574
1742584
1742609
1742622
1742679
1742692
1742762
1742770
1742832
1742833
1742845
1742847
1742859
1742890
1742906
1742915
1742925
1742927
1742991
1743005
1743010
1743019
1743057
1743063
1743074
1743096
1743106
1743158
1743188
1743195
1743212
1743221
1743242
1743260
1743269
1743288
1743353
1743359
1743390
1743411
1743441
1743520
1743577
1743675
1743681
1743685
1743698
1743702
1743720
1743791
1743793
1743868
1743892
1743896
1743940
1744048
1744085
1744146
1744163
1744205
1744243
1744245
1744261
1744290
1744300
1744329
1744368
1744380
1744442
1744457
1744464
1744466
1744501
1744503
1744520
1744569
1744610
1744761
1744833
1744834
1744841
1744856
1744915
1744925
1744949
1744967
1745005
1745051
1745067
1745085
1745125
1745190
1745230
1745310
1745329
1745367
1745374
1745449
1745471
1745490
1745532
1745544
1745552
1745600
1745604
1745661
1745677
1745699
1745717
1745804
1745833
1745874
1745886
1745940
1745942
1746015
1746077
1746104
1746156
1746191
1746203
1746215
1746232
1746250
1746256
1746372
1746420
1746438
1746445
1746453
1746504
1746548
1746556
1746578
1746634
1746648
1746674
1746683
1746693
1746718
1746751
1746799
1746801
1746848
1746888
1746893
1746918
1746920
1746932
1746934
1746993
1747027
1747038
1747040
1747041
1747060
1747126
1747153
1747200
1747215
1747242
1747423
1747477
1747499
1747528
1747541
1747553
1747611
1747637
1747640
1747721
1747741
1747754
1747881
1747912
1747927
1747940
1747995
1748157
1748160
1748209
1748217
1748241
1748260
1748275
1748291
1748320
1748337
1748349
1748352
1748353
1748363
1748376
1748391
1748443
1748468
1748490
1748543
1748562
1748576
1748582
1748589
1748604
1748636
1748642
1748699
1748765
1748766
1748783
1748791
1748805
1748818
1748838
1748839
1748845
1748847
1748909
1748922
1748997
1749000
1749039
1749070
1749076
1749112
1749119
1749166
1749210
1749340
1749349
1749369
1749384
1749413
1749415
1749484
1749485
1749511
1749536
1749541
1749561
1749580
1749597
1749599
1749618
1749630
1749653
1749666
1749689
1749738
1749742
1749794
1749805
1749818
1749820
1749913
1749967
1749972
1750008
1750043
1750057
1750086
1750157
1750267
1750291
1750318
1750470
1750485
1750486
1750564
1750583
1750587
1750605
1750674
1750702
1750760
1750764
1750819
1750862
1750881
1750917
1750971
1751111
1751142
1751179
1751233
1751295
1751305
1751335
1751344
1751351
1751426
1751446
1751467
1751483
1751585
1751605
1751678
1751700
1751707
1751803
1751837
1751848
1751907
1751940
1751966
1752063
1752117
1752184
1752213
1752286
1752319
1752324
1752349
1752384
1752409
1752541
1752582
1752648
1752732
1752760
1752785
1752801
1752840
1752907
1752934
1752942
1752999
1753019
1753022
1753059
1753097
1753109
1753304
1753330
1753347
1753389
1753518
1753530
1753548
1753781
1753899
1753995
1754104
1754131
1754160
1754251
1754270
1754407
1754448
1754465
1754503
1754791
1754822
1754960
1754987
1755018
1755324
1755401
1755550
1755630
1755803
1755818
1755900
1755951
1756013
1756101
1756131
1756134
1756255
1756310
1756314
1756315
1756348
1756437
1756501
1756503
1756526
1756537
1756547
1756619
1756641
1756721
1756751
1756822
1756869
1757016
1757130
1757198
1757203
1757244
1757303
1757430
1757539
1757641
1757654
1757711
1757712
1757768
1757863
1757899
1757968
1758196
1758460
1758565
1758574
1758653
1758673
1758737
1758772
1758788
1758825
1758847
1758984
1759008
1759016
1759017
1759040
1759199
1759335
1759580
1759597
1759604
1759605
1759660
1759684
1759907
1759919
1759961
1760023
1760029
1760149
1760166
1760185
1760222
1760314
1760315
1760326
1760353
1760429
1760486
1760647
1760680
1760715
1760731
1760877
1760969
1761118
1761149
1761183
1761192
1761235
1761453
1761521
1761549
1761559
1761583
1761627
1761705
1761734
1761804
1761814
1761886
1761889
1761965
1761992
1762015
1762034
1762039
1762065
1762066
1762172
1762190
1762312
1762439
1762456
1762470
1762489
1762548
1762615
1762798
1762958
1763001
1763035
1763071
1763112
1763129
1763191
1763268
1763364
1763498
1763510
1763569
1763580
1763581
1763699
1763751
1763768
1763781
1763879
1763917
1763941
1763959
1763967
1763970
1764035
1764038
1764046
1764173
1764269
1764354
1764356
1764432
1764446
1764512
1764593
1764602
1764627
1764677
1764709
1764763
1764922
1764965
1764977
1764994
1765065
1765076
1765099
1765288
1765416
1765522
1765530
1765643
1765700
1765723
1765780
1765786
1765799
1765841
1766002
1766045
1766109
1766272
1766273
1766348
1766364
1766377
1766391
1766413
1766443
1766507
1766514
1766543
1766552
1766598
1766709
1766723
1766761
1766773
1766774
1767000
1767107
1767197
1767229
1767306
1767437
1767466
1767582
1767590
1767653
1767741
1767744
1767866
1767874
1767885
1767949
1768122
1768130
1768135
1768186
1768211
1768369
1768390
1768524
1768542
1768587
1768611
1768712
1768743
1768752
1768786
1768813
1768933
1768940
1768945
1768961
1769014
1769023
1769125
1769332
1769482
1769494
1769516
1769524
1769565
1769653
1769684
1769732
1769749
1769795
1769854
1769947
1769956
1770014
1770041
1770073
1770125
1770140
1770160
1770166
1770191
1770269
1770288
1770327
1770414
1770431
1770459
1770533
1770560
1770565
1770603
1770608
1770690
1770754
1770789
1770814
1770965
1771009
1771031
1771052
1771074
1771172
1771217
1771285
1771288
1771308
1771309
1771322
1771327
1771359
1771391
1771467
1771591
1771675
1771766
1771790
1771810
1771822
1771824
1771836
1771843
1771863
1771901
1771936
1771957
1772048
1772218
1772323
1772360
1772404
1772541
1772549
1772576
1772621
1772661
1772671
1772688
1772713
1772726
1772729
1772792
1772819
1772862
1772871
1772979
1773015
1773060
1773102
1773103
1773145
1773147
1773215
1773236
1773282
1773325
1773348
1773384
1773474
1773784
1773793
1773797
1773898
1773979
1773992
1774067
1774087
1774114
1774218
1774366
1774415
1774510
1774532
1774616
1774625
1774684
1774889
1775061
1775098
1775232
1775297
1775331
1775398
1775408
1775421
1775454
1775496
1775621
1775636
1775640
1775726
1775732
1775763
1775787
1775855
1775861
1775927
1775930
1775962
1775968
1775969
1776008
1776014
1776055
1776086
1776103
1776108
1776127
1776131
1776162
1776166
1776186
1776263
1776277
1776329
1776399
1776431
1776443
1776455
1776472
1776484
1776519
1776622
1776669
1776696
1776716
1776722
1776726
1776731
1776769
1776778
1776807
1776822
1776831
1776868
1776938
1776947
1777036
1777085
1777096
1777115
1777125
1777139
1777166
1777248
1777267
1777326
1777334
1777359
1777394
1777521
1777576
1777634
1777645
1777735
1777757
1777899
1777950
1778017
1778042
1778262
1778324
1778370
1778428
1778478
1778497
1778578
1778656
1778668
1778699
1778720
1778795
1778926
1779013
1779055
1779323
1779328
1779343
1779344
1779369
1779411
1779429
1779449
1779450
1779457
1779491
1779530
1779587
1779692
1779717
1779744
1779763
1779784
1779810
1779844
1779896
1779899
1780011
1780042
1780096
1780110
1780142
1780312
1780336
1780408
1780512
1780625
1780655
1780659
1780700
1780840
1780923
1780934
1780944
1780986
1781066
1781120
1781184
1781401
1781416
1781466
1781586
1781617
1781797
1781863
1781915
1781939
1781958
1781971
1782037
1782066
1782141
1782163
1782185
1782254
1782276
1782348
1782428
1782615
1782707
1782725
1782763
1782821
1782844
1782866
1782921
1782944
1783041
1783129
1783139
1783140
1783152
1783179
1783201
1783294
1783345
1783402
1783536
1783647
1783658
1783671